,piece_title,group_number,pattern_generating_match,pattern_matched,part,start_measure,start_beat,start_offset,entry_number,offset_diffs,predicted_type
144,Ave Maria,0,"(-3, 2, -3, 2, -2)","(-3, 2, -3, 2, -2)",[Superius],65,1.0,512.0,1,"[16.0, 8.0, 16.0]",ID
145,Ave Maria,0,"(-3, 2, -3, 2, -2)","(-3, 2, -3, 2, -2)",Altus,67,1.0,528.0,2,"[16.0, 8.0, 16.0]",ID
146,Ave Maria,0,"(-3, 2, -3, 2, -2)","(-3, 2, -3, 2, -2)",Tenor,68,1.0,536.0,3,"[16.0, 8.0, 16.0]",ID
147,Ave Maria,0,"(-3, 2, -3, 2, -2)","(-3, 2, -3, 2, -2)",Bassus,70,1.0,552.0,4,"[16.0, 8.0, 16.0]",ID
156,Ave Maria,1,"(-3, 2, -2, -2, -2)","(-3, 2, -2, -2, -2)",[Superius],66,1.0,520.0,1,"[16.0, 8.0, 16.0, 22.0, 42.0, 24.0, 522.0]",Fuga
158,Ave Maria,1,"(-3, 2, -2, -2, -2)","(-3, 2, -2, -2, -2)",Altus,68,1.0,536.0,2,"[16.0, 8.0, 16.0, 22.0, 42.0, 24.0, 522.0]",Fuga
159,Ave Maria,1,"(-3, 2, -2, -2, -2)","(-3, 2, -2, -2, -2)",Tenor,69,1.0,544.0,3,"[16.0, 8.0, 16.0, 22.0, 42.0, 24.0, 522.0]",Fuga
162,Ave Maria,1,"(-3, 2, -2, -2, -2)","(-3, 2, -2, -2, -2)",Bassus,71,1.0,560.0,4,"[16.0, 8.0, 16.0, 22.0, 42.0, 24.0, 522.0]",Fuga
160,Ave Maria,1,"(-3, 2, -2, -2, -2)","(-3, 2, -2, -2, -2)",Tenor,73,4.0,582.0,5,"[16.0, 8.0, 16.0, 22.0, 42.0, 24.0, 522.0]",Fuga
157,Ave Maria,1,"(-3, 2, -2, -2, -2)","(-3, 2, -2, -2, -2)",[Superius],79,1.0,624.0,6,"[16.0, 8.0, 16.0, 22.0, 42.0, 24.0, 522.0]",Fuga
161,Ave Maria,1,"(-3, 2, -2, -2, -2)","(-3, 2, -2, -2, -2)",Tenor,82,1.0,648.0,7,"[16.0, 8.0, 16.0, 22.0, 42.0, 24.0, 522.0]",Fuga
163,Ave Maria,1,"(-3, 2, -2, -2, -2)","(-3, 2, -2, -2, -2)",Bassus,139,2.0,1170.0,8,"[16.0, 8.0, 16.0, 22.0, 42.0, 24.0, 522.0]",Fuga
75,Ave Maria,2,"(-3, 2, 2, 2, -3)","(-3, 2, 2, 2, -3)",[Superius],44,1.0,344.0,1,"[0.0, 0.0, 14.0, 2.0, 0.0]",Fuga
77,Ave Maria,2,"(-3, 2, 2, 2, -3)","(-3, 2, 2, 2, -3)",Tenor,44,1.0,344.0,2,"[0.0, 0.0, 14.0, 2.0, 0.0]",Fuga
79,Ave Maria,2,"(-3, 2, 2, 2, -3)","(-3, 2, 2, 2, -3)",Bassus,44,1.0,344.0,3,"[0.0, 0.0, 14.0, 2.0, 0.0]",Fuga
78,Ave Maria,2,"(-3, 2, 2, 2, -3)","(-3, 2, 2, 2, -3)",Tenor,45,4.0,358.0,4,"[0.0, 0.0, 14.0, 2.0, 0.0]",Fuga
76,Ave Maria,2,"(-3, 2, 2, 2, -3)","(-3, 2, 2, 2, -3)",[Superius],46,1.0,360.0,5,"[0.0, 0.0, 14.0, 2.0, 0.0]",Fuga
80,Ave Maria,2,"(-3, 2, 2, 2, -3)","(-3, 2, 2, 2, -3)",Bassus,46,1.0,360.0,6,"[0.0, 0.0, 14.0, 2.0, 0.0]",Fuga
73,Ave Maria,3,"(-2, -2, -2, -2, -3)","(-2, -2, -2, -2, -3)",Tenor,42,1.0,328.0,1,"[0.0, 258.0, 302.0]",Fuga
71,Ave Maria,3,"(-2, -2, -2, -2, -3)","(-2, -2, -2, -2, -3)",[Superius],42,1.0,328.0,2,"[0.0, 258.0, 302.0]",Fuga
74,Ave Maria,3,"(-2, -2, -2, -2, -3)","(-2, -2, -2, -2, -3)",Tenor,74,2.0,586.0,3,"[0.0, 258.0, 302.0]",Fuga
72,Ave Maria,3,"(-2, -2, -2, -2, -3)","(-2, -2, -2, -2, -3)",Altus,106,1.0,888.0,4,"[0.0, 258.0, 302.0]",Fuga
18,Ave Maria,4,"(-2, -2, -2, -2, -2)","(-2, -2, -2, -2, -2)",[Superius],19,1.0,144.0,1,"[14.0, 58.0, 456.0]",Fuga
19,Ave Maria,4,"(-2, -2, -2, -2, -2)","(-2, -2, -2, -2, -2)",[Superius],20,4.0,158.0,2,"[14.0, 58.0, 456.0]",Fuga
21,Ave Maria,4,"(-2, -2, -2, -2, -2)","(-2, -2, -2, -2, -2)",Tenor,28,1.0,216.0,3,"[14.0, 58.0, 456.0]",Fuga
20,Ave Maria,4,"(-2, -2, -2, -2, -2)","(-2, -2, -2, -2, -2)",[Superius],85,1.0,672.0,4,"[14.0, 58.0, 456.0]",Fuga
177,Ave Maria,5,"(-2, -2, -2, -2, 1)","(-2, -2, -2, -2, 1)",Altus,95,1.0,756.0,1,"[48.0, 60.0, 8.0]",Fuga
178,Ave Maria,5,"(-2, -2, -2, -2, 1)","(-2, -2, -2, -2, 1)",Altus,99,1.0,804.0,2,"[48.0, 60.0, 8.0]",Fuga
176,Ave Maria,5,"(-2, -2, -2, -2, 1)","(-2, -2, -2, -2, 1)",[Superius],104,1.0,864.0,3,"[48.0, 60.0, 8.0]",Fuga
179,Ave Maria,5,"(-2, -2, -2, -2, 1)","(-2, -2, -2, -2, 1)",Tenor,104,3.0,872.0,4,"[48.0, 60.0, 8.0]",Fuga
204,Ave Maria,6,"(-2, -2, -2, -2, 2)","(-2, -2, -2, -2, 2)",Altus,27,3.0,212.0,1,"[7.0, 325.0, 120.0, 428.0, 14.0, 28.0]",Fuga
209,Ave Maria,6,"(-2, -2, -2, -2, 2)","(-2, -2, -2, -2, 2)",Tenor,28,2.5,219.0,2,"[7.0, 325.0, 120.0, 428.0, 14.0, 28.0]",Fuga
205,Ave Maria,6,"(-2, -2, -2, -2, 2)","(-2, -2, -2, -2, 2)",Altus,69,1.0,544.0,3,"[7.0, 325.0, 120.0, 428.0, 14.0, 28.0]",Fuga
206,Ave Maria,6,"(-2, -2, -2, -2, 2)","(-2, -2, -2, -2, 2)",Altus,84,1.0,664.0,4,"[7.0, 325.0, 120.0, 428.0, 14.0, 28.0]",Fuga
210,Ave Maria,6,"(-2, -2, -2, -2, 2)","(-2, -2, -2, -2, 2)",Bassus,129,3.0,1092.0,5,"[7.0, 325.0, 120.0, 428.0, 14.0, 28.0]",Fuga
207,Ave Maria,6,"(-2, -2, -2, -2, 2)","(-2, -2, -2, -2, 2)",Altus,131,2.0,1106.0,6,"[7.0, 325.0, 120.0, 428.0, 14.0, 28.0]",Fuga
208,Ave Maria,6,"(-2, -2, -2, -2, 2)","(-2, -2, -2, -2, 2)",Altus,135,4.0,1134.0,7,"[7.0, 325.0, 120.0, 428.0, 14.0, 28.0]",Fuga
184,Ave Maria,7,"(-2, -2, -2, 1, 3)","(-2, -2, -2, 1, 3)",[Superius],113,3.0,956.0,1,"[28.0, 36.0, 28.0]",ID
186,Ave Maria,7,"(-2, -2, -2, 1, 3)","(-2, -2, -2, 1, 3)",Tenor,116,1.0,984.0,2,"[28.0, 36.0, 28.0]",ID
185,Ave Maria,7,"(-2, -2, -2, 1, 3)","(-2, -2, -2, 1, 3)",[Superius],121,3.0,1020.0,3,"[28.0, 36.0, 28.0]",ID
187,Ave Maria,7,"(-2, -2, -2, 1, 3)","(-2, -2, -2, 1, 3)",Tenor,124,1.0,1048.0,4,"[28.0, 36.0, 28.0]",ID
5,Ave Maria,8,"(-2, -2, -2, 2, -2)","(-2, -2, -2, 2, -2)",[Superius],8,1.0,56.0,1,"[16.0, 16.0, 1086.0]",Fuga
6,Ave Maria,8,"(-2, -2, -2, 2, -2)","(-2, -2, -2, 2, -2)",Altus,10,1.0,72.0,2,"[16.0, 16.0, 1086.0]",Fuga
7,Ave Maria,8,"(-2, -2, -2, 2, -2)","(-2, -2, -2, 2, -2)",Tenor,12,1.0,88.0,3,"[16.0, 16.0, 1086.0]",Fuga
8,Ave Maria,8,"(-2, -2, -2, 2, -2)","(-2, -2, -2, 2, -2)",Bassus,139,4.0,1174.0,4,"[16.0, 16.0, 1086.0]",Fuga
117,Ave Maria,9,"(-2, -2, -2, 2, 2)","(-2, -2, -2, 2, 2)",Bassus,14,1.0,104.0,1,"[111.0, 5.0, 178.0, 149.0, 165.0, 384.0, 66.0]",Fuga
113,Ave Maria,9,"(-2, -2, -2, 2, 2)","(-2, -2, -2, 2, 2)",Altus,27,4.5,215.0,2,"[111.0, 5.0, 178.0, 149.0, 165.0, 384.0, 66.0]",Fuga
115,Ave Maria,9,"(-2, -2, -2, 2, 2)","(-2, -2, -2, 2, 2)",Tenor,28,3.0,220.0,3,"[111.0, 5.0, 178.0, 149.0, 165.0, 384.0, 66.0]",Fuga
112,Ave Maria,9,"(-2, -2, -2, 2, 2)","(-2, -2, -2, 2, 2)",[Superius],50,4.0,398.0,4,"[111.0, 5.0, 178.0, 149.0, 165.0, 384.0, 66.0]",Fuga
114,Ave Maria,9,"(-2, -2, -2, 2, 2)","(-2, -2, -2, 2, 2)",Altus,69,2.5,547.0,5,"[111.0, 5.0, 178.0, 149.0, 165.0, 384.0, 66.0]",Fuga
116,Ave Maria,9,"(-2, -2, -2, 2, 2)","(-2, -2, -2, 2, 2)",Tenor,90,1.0,712.0,6,"[111.0, 5.0, 178.0, 149.0, 165.0, 384.0, 66.0]",Fuga
118,Ave Maria,9,"(-2, -2, -2, 2, 2)","(-2, -2, -2, 2, 2)",Bassus,130,1.0,1096.0,7,"[111.0, 5.0, 178.0, 149.0, 165.0, 384.0, 66.0]",Fuga
119,Ave Maria,9,"(-2, -2, -2, 2, 2)","(-2, -2, -2, 2, 2)",Bassus,138,2.0,1162.0,8,"[111.0, 5.0, 178.0, 149.0, 165.0, 384.0, 66.0]",Fuga
188,Ave Maria,10,"(-2, -2, 1, 3, -2)","(-2, -2, 1, 3, -2)",[Superius],113,2.0,962.0,1,"[28.0, 36.0, 28.0]",ID
190,Ave Maria,10,"(-2, -2, 1, 3, -2)","(-2, -2, 1, 3, -2)",Tenor,116,4.0,990.0,2,"[28.0, 36.0, 28.0]",ID
189,Ave Maria,10,"(-2, -2, 1, 3, -2)","(-2, -2, 1, 3, -2)",[Superius],121,2.0,1026.0,3,"[28.0, 36.0, 28.0]",ID
191,Ave Maria,10,"(-2, -2, 1, 3, -2)","(-2, -2, 1, 3, -2)",Tenor,124,4.0,1054.0,4,"[28.0, 36.0, 28.0]",ID
121,Ave Maria,11,"(-2, -2, 2, 2, -2)","(-2, -2, 2, 2, -2)",Tenor,28,3.5,221.0,1,"[180.0, 315.0, 276.0, 64.0]",Fuga
120,Ave Maria,11,"(-2, -2, 2, 2, -2)","(-2, -2, 2, 2, -2)",[Superius],51,1.5,401.0,2,"[180.0, 315.0, 276.0, 64.0]",Fuga
122,Ave Maria,11,"(-2, -2, 2, 2, -2)","(-2, -2, 2, 2, -2)",Tenor,90,3.0,716.0,3,"[180.0, 315.0, 276.0, 64.0]",Fuga
123,Ave Maria,11,"(-2, -2, 2, 2, -2)","(-2, -2, 2, 2, -2)",Bassus,117,1.0,992.0,4,"[180.0, 315.0, 276.0, 64.0]",Fuga
124,Ave Maria,11,"(-2, -2, 2, 2, -2)","(-2, -2, 2, 2, -2)",Bassus,125,1.0,1056.0,5,"[180.0, 315.0, 276.0, 64.0]",Fuga
192,Ave Maria,12,"(-2, 1, 3, -2, -2)","(-2, 1, 3, -2, -2)",[Superius],113,2.5,963.0,1,"[28.0, 36.0, 28.0]",ID
194,Ave Maria,12,"(-2, 1, 3, -2, -2)","(-2, 1, 3, -2, -2)",Tenor,116,4.5,991.0,2,"[28.0, 36.0, 28.0]",ID
193,Ave Maria,12,"(-2, 1, 3, -2, -2)","(-2, 1, 3, -2, -2)",[Superius],121,2.5,1027.0,3,"[28.0, 36.0, 28.0]",ID
195,Ave Maria,12,"(-2, 1, 3, -2, -2)","(-2, 1, 3, -2, -2)",Tenor,124,4.5,1055.0,4,"[28.0, 36.0, 28.0]",ID
129,Ave Maria,13,"(-2, 2, 2, -3, -2)","(-2, 2, 2, -3, -2)",[Superius],55,1.0,432.0,1,"[4.0, 36.0, 4.0]",ID
130,Ave Maria,13,"(-2, 2, 2, -3, -2)","(-2, 2, 2, -3, -2)",Altus,55,3.0,436.0,2,"[4.0, 36.0, 4.0]",ID
131,Ave Maria,13,"(-2, 2, 2, -3, -2)","(-2, 2, 2, -3, -2)",Tenor,60,1.0,472.0,3,"[4.0, 36.0, 4.0]",ID
132,Ave Maria,13,"(-2, 2, 2, -3, -2)","(-2, 2, 2, -3, -2)",Bassus,60,3.0,476.0,4,"[4.0, 36.0, 4.0]",ID
38,Ave Maria,14,"(1, 1, 2, -2, -2)","(1, 1, 2, -2, -2)",[Superius],40,3.0,316.0,1,"[0.0, 348.0, 80.0, 48.0, 148.0, 28.0, 36.0, 28.0]",Fuga
44,Ave Maria,14,"(1, 1, 2, -2, -2)","(1, 1, 2, -2, -2)",Tenor,40,3.0,316.0,2,"[0.0, 348.0, 80.0, 48.0, 148.0, 28.0, 36.0, 28.0]",Fuga
39,Ave Maria,14,"(1, 1, 2, -2, -2)","(1, 1, 2, -2, -2)",[Superius],84,1.0,664.0,3,"[0.0, 348.0, 80.0, 48.0, 148.0, 28.0, 36.0, 28.0]",Fuga
42,Ave Maria,14,"(1, 1, 2, -2, -2)","(1, 1, 2, -2, -2)",Altus,94,1.0,744.0,4,"[0.0, 348.0, 80.0, 48.0, 148.0, 28.0, 36.0, 28.0]",Fuga
43,Ave Maria,14,"(1, 1, 2, -2, -2)","(1, 1, 2, -2, -2)",Altus,98,1.0,792.0,5,"[0.0, 348.0, 80.0, 48.0, 148.0, 28.0, 36.0, 28.0]",Fuga
40,Ave Maria,14,"(1, 1, 2, -2, -2)","(1, 1, 2, -2, -2)",[Superius],111,3.0,940.0,6,"[0.0, 348.0, 80.0, 48.0, 148.0, 28.0, 36.0, 28.0]",Fuga
45,Ave Maria,14,"(1, 1, 2, -2, -2)","(1, 1, 2, -2, -2)",Tenor,114,1.0,968.0,7,"[0.0, 348.0, 80.0, 48.0, 148.0, 28.0, 36.0, 28.0]",Fuga
41,Ave Maria,14,"(1, 1, 2, -2, -2)","(1, 1, 2, -2, -2)",[Superius],119,3.0,1004.0,8,"[0.0, 348.0, 80.0, 48.0, 148.0, 28.0, 36.0, 28.0]",Fuga
46,Ave Maria,14,"(1, 1, 2, -2, -2)","(1, 1, 2, -2, -2)",Tenor,122,1.0,1032.0,9,"[0.0, 348.0, 80.0, 48.0, 148.0, 28.0, 36.0, 28.0]",Fuga
164,Ave Maria,15,"(1, 1, 2, 1, 2)","(1, 1, 2, 1, 2)",[Superius],94,1.0,744.0,1,"[8.0, 40.0, 8.0]",ID
166,Ave Maria,15,"(1, 1, 2, 1, 2)","(1, 1, 2, 1, 2)",Tenor,94,3.0,752.0,2,"[8.0, 40.0, 8.0]",ID
165,Ave Maria,15,"(1, 1, 2, 1, 2)","(1, 1, 2, 1, 2)",[Superius],98,1.0,792.0,3,"[8.0, 40.0, 8.0]",ID
167,Ave Maria,15,"(1, 1, 2, 1, 2)","(1, 1, 2, 1, 2)",Tenor,98,3.0,800.0,4,"[8.0, 40.0, 8.0]",ID
9,Ave Maria,16,"(1, 1, 2, 2, -3)","(1, 1, 2, 2, -3)",[Superius],16,3.0,124.0,1,"[16.0, 16.0, 16.0]",PEN
10,Ave Maria,16,"(1, 1, 2, 2, -3)","(1, 1, 2, 2, -3)",Altus,18,3.0,140.0,2,"[16.0, 16.0, 16.0]",PEN
11,Ave Maria,16,"(1, 1, 2, 2, -3)","(1, 1, 2, 2, -3)",Tenor,20,3.0,156.0,3,"[16.0, 16.0, 16.0]",PEN
12,Ave Maria,16,"(1, 1, 2, 2, -3)","(1, 1, 2, 2, -3)",Bassus,22,3.0,172.0,4,"[16.0, 16.0, 16.0]",PEN
51,Ave Maria,17,"(1, 2, -2, -2, -2)","(1, 2, -2, -2, -2)",Altus,33,1.0,256.0,1,"[32.0, 32.0, 0.0, 348.0, 80.0, 48.0, 152.0, 28.0, 6.0, 30.0, 28.0, 6.0]",Fuga
59,Ave Maria,17,"(1, 2, -2, -2, -2)","(1, 2, -2, -2, -2)",Bassus,37,1.0,288.0,2,"[32.0, 32.0, 0.0, 348.0, 80.0, 48.0, 152.0, 28.0, 6.0, 30.0, 28.0, 6.0]",Fuga
56,Ave Maria,17,"(1, 2, -2, -2, -2)","(1, 2, -2, -2, -2)",Tenor,41,1.0,320.0,3,"[32.0, 32.0, 0.0, 348.0, 80.0, 48.0, 152.0, 28.0, 6.0, 30.0, 28.0, 6.0]",Fuga
47,Ave Maria,17,"(1, 2, -2, -2, -2)","(1, 2, -2, -2, -2)",[Superius],41,1.0,320.0,4,"[32.0, 32.0, 0.0, 348.0, 80.0, 48.0, 152.0, 28.0, 6.0, 30.0, 28.0, 6.0]",Fuga
48,Ave Maria,17,"(1, 2, -2, -2, -2)","(1, 2, -2, -2, -2)",[Superius],84,3.0,668.0,5,"[32.0, 32.0, 0.0, 348.0, 80.0, 48.0, 152.0, 28.0, 6.0, 30.0, 28.0, 6.0]",Fuga
52,Ave Maria,17,"(1, 2, -2, -2, -2)","(1, 2, -2, -2, -2)",Altus,94,2.0,748.0,6,"[32.0, 32.0, 0.0, 348.0, 80.0, 48.0, 152.0, 28.0, 6.0, 30.0, 28.0, 6.0]",Fuga
53,Ave Maria,17,"(1, 2, -2, -2, -2)","(1, 2, -2, -2, -2)",Altus,98,2.0,796.0,7,"[32.0, 32.0, 0.0, 348.0, 80.0, 48.0, 152.0, 28.0, 6.0, 30.0, 28.0, 6.0]",Fuga
49,Ave Maria,17,"(1, 2, -2, -2, -2)","(1, 2, -2, -2, -2)",[Superius],112,3.0,948.0,8,"[32.0, 32.0, 0.0, 348.0, 80.0, 48.0, 152.0, 28.0, 6.0, 30.0, 28.0, 6.0]",Fuga
57,Ave Maria,17,"(1, 2, -2, -2, -2)","(1, 2, -2, -2, -2)",Tenor,115,1.0,976.0,9,"[32.0, 32.0, 0.0, 348.0, 80.0, 48.0, 152.0, 28.0, 6.0, 30.0, 28.0, 6.0]",Fuga
54,Ave Maria,17,"(1, 2, -2, -2, -2)","(1, 2, -2, -2, -2)",Altus,116,4.0,982.0,10,"[32.0, 32.0, 0.0, 348.0, 80.0, 48.0, 152.0, 28.0, 6.0, 30.0, 28.0, 6.0]",Fuga
50,Ave Maria,17,"(1, 2, -2, -2, -2)","(1, 2, -2, -2, -2)",[Superius],120,3.0,1012.0,11,"[32.0, 32.0, 0.0, 348.0, 80.0, 48.0, 152.0, 28.0, 6.0, 30.0, 28.0, 6.0]",Fuga
58,Ave Maria,17,"(1, 2, -2, -2, -2)","(1, 2, -2, -2, -2)",Tenor,123,1.0,1040.0,12,"[32.0, 32.0, 0.0, 348.0, 80.0, 48.0, 152.0, 28.0, 6.0, 30.0, 28.0, 6.0]",Fuga
55,Ave Maria,17,"(1, 2, -2, -2, -2)","(1, 2, -2, -2, -2)",Altus,124,4.0,1046.0,13,"[32.0, 32.0, 0.0, 348.0, 80.0, 48.0, 152.0, 28.0, 6.0, 30.0, 28.0, 6.0]",Fuga
28,Ave Maria,18,"(1, 2, -2, 1, -2)","(1, 2, -2, 1, -2)",[Superius],33,1.0,256.0,1,"[32.0, 336.0, 24.0]",Fuga
30,Ave Maria,18,"(1, 2, -2, 1, -2)","(1, 2, -2, 1, -2)",Tenor,37,1.0,288.0,2,"[32.0, 336.0, 24.0]",Fuga
29,Ave Maria,18,"(1, 2, -2, 1, -2)","(1, 2, -2, 1, -2)",Altus,79,1.0,624.0,3,"[32.0, 336.0, 24.0]",Fuga
31,Ave Maria,18,"(1, 2, -2, 1, -2)","(1, 2, -2, 1, -2)",Bassus,82,1.0,648.0,4,"[32.0, 336.0, 24.0]",Fuga
168,Ave Maria,19,"(1, 2, 1, 2, 1)","(1, 2, 1, 2, 1)",[Superius],94,2.0,748.0,1,"[8.0, 40.0, 8.0]",ID
170,Ave Maria,19,"(1, 2, 1, 2, 1)","(1, 2, 1, 2, 1)",Tenor,94,1.0,756.0,2,"[8.0, 40.0, 8.0]",ID
169,Ave Maria,19,"(1, 2, 1, 2, 1)","(1, 2, 1, 2, 1)",[Superius],98,2.0,796.0,3,"[8.0, 40.0, 8.0]",ID
171,Ave Maria,19,"(1, 2, 1, 2, 1)","(1, 2, 1, 2, 1)",Tenor,98,1.0,804.0,4,"[8.0, 40.0, 8.0]",ID
196,Ave Maria,20,"(1, 3, -2, -2, -2)","(1, 3, -2, -2, -2)",[Superius],114,3.0,964.0,1,"[28.0, 36.0, 28.0]",ID
198,Ave Maria,20,"(1, 3, -2, -2, -2)","(1, 3, -2, -2, -2)",Tenor,117,1.0,992.0,2,"[28.0, 36.0, 28.0]",ID
197,Ave Maria,20,"(1, 3, -2, -2, -2)","(1, 3, -2, -2, -2)",[Superius],122,3.0,1028.0,3,"[28.0, 36.0, 28.0]",ID
199,Ave Maria,20,"(1, 3, -2, -2, -2)","(1, 3, -2, -2, -2)",Tenor,125,1.0,1056.0,4,"[28.0, 36.0, 28.0]",ID
133,Ave Maria,21,"(2, -3, -2, -2, 1)","(2, -3, -2, -2, 1)",[Superius],56,1.0,440.0,1,"[4.0, 36.0, 4.0]",ID
134,Ave Maria,21,"(2, -3, -2, -2, 1)","(2, -3, -2, -2, 1)",Altus,56,3.0,444.0,2,"[4.0, 36.0, 4.0]",ID
135,Ave Maria,21,"(2, -3, -2, -2, 1)","(2, -3, -2, -2, 1)",Tenor,61,1.0,480.0,3,"[4.0, 36.0, 4.0]",ID
136,Ave Maria,21,"(2, -3, -2, -2, 1)","(2, -3, -2, -2, 1)",Bassus,61,3.0,484.0,4,"[4.0, 36.0, 4.0]",ID
140,Ave Maria,22,"(2, -3, 2, -3, 2)","(2, -3, 2, -3, 2)",Bassus,51,2.5,403.0,1,"[105.0, 16.0, 8.0, 16.0, 32.0, 320.0]",Fuga
137,Ave Maria,22,"(2, -3, 2, -3, 2)","(2, -3, 2, -3, 2)",[Superius],64,3.0,508.0,2,"[105.0, 16.0, 8.0, 16.0, 32.0, 320.0]",Fuga
138,Ave Maria,22,"(2, -3, 2, -3, 2)","(2, -3, 2, -3, 2)",Altus,66,3.0,524.0,3,"[105.0, 16.0, 8.0, 16.0, 32.0, 320.0]",Fuga
139,Ave Maria,22,"(2, -3, 2, -3, 2)","(2, -3, 2, -3, 2)",Tenor,67,3.0,532.0,4,"[105.0, 16.0, 8.0, 16.0, 32.0, 320.0]",Fuga
141,Ave Maria,22,"(2, -3, 2, -3, 2)","(2, -3, 2, -3, 2)",Bassus,69,3.0,548.0,5,"[105.0, 16.0, 8.0, 16.0, 32.0, 320.0]",Fuga
142,Ave Maria,22,"(2, -3, 2, -3, 2)","(2, -3, 2, -3, 2)",Bassus,73,3.0,580.0,6,"[105.0, 16.0, 8.0, 16.0, 32.0, 320.0]",Fuga
143,Ave Maria,22,"(2, -3, 2, -3, 2)","(2, -3, 2, -3, 2)",Bassus,106,1.0,900.0,7,"[105.0, 16.0, 8.0, 16.0, 32.0, 320.0]",Fuga
148,Ave Maria,23,"(2, -3, 2, -2, -2)","(2, -3, 2, -2, -2)",[Superius],65,3.0,516.0,1,"[16.0, 8.0, 16.0, 66.0, 24.0, 429.0, 93.0]",Fuga
150,Ave Maria,23,"(2, -3, 2, -2, -2)","(2, -3, 2, -2, -2)",Altus,67,3.0,532.0,2,"[16.0, 8.0, 16.0, 66.0, 24.0, 429.0, 93.0]",Fuga
152,Ave Maria,23,"(2, -3, 2, -2, -2)","(2, -3, 2, -2, -2)",Tenor,68,3.0,540.0,3,"[16.0, 8.0, 16.0, 66.0, 24.0, 429.0, 93.0]",Fuga
154,Ave Maria,23,"(2, -3, 2, -2, -2)","(2, -3, 2, -2, -2)",Bassus,70,3.0,556.0,4,"[16.0, 8.0, 16.0, 66.0, 24.0, 429.0, 93.0]",Fuga
149,Ave Maria,23,"(2, -3, 2, -2, -2)","(2, -3, 2, -2, -2)",[Superius],78,4.0,622.0,5,"[16.0, 8.0, 16.0, 66.0, 24.0, 429.0, 93.0]",Fuga
153,Ave Maria,23,"(2, -3, 2, -2, -2)","(2, -3, 2, -2, -2)",Tenor,81,4.0,646.0,6,"[16.0, 8.0, 16.0, 66.0, 24.0, 429.0, 93.0]",Fuga
151,Ave Maria,23,"(2, -3, 2, -2, -2)","(2, -3, 2, -2, -2)",Altus,127,2.5,1075.0,7,"[16.0, 8.0, 16.0, 66.0, 24.0, 429.0, 93.0]",Fuga
155,Ave Maria,23,"(2, -3, 2, -2, -2)","(2, -3, 2, -2, -2)",Bassus,139,1.0,1168.0,8,"[16.0, 8.0, 16.0, 66.0, 24.0, 429.0, 93.0]",Fuga
95,Ave Maria,24,"(2, -3, 2, 2, 2)","(2, -3, 2, 2, 2)",Tenor,45,2.0,354.0,1,"[2.0, 0.0, 14.0, 2.0, 0.0]",Fuga
97,Ave Maria,24,"(2, -3, 2, 2, 2)","(2, -3, 2, 2, 2)",Bassus,45,3.0,356.0,2,"[2.0, 0.0, 14.0, 2.0, 0.0]",Fuga
93,Ave Maria,24,"(2, -3, 2, 2, 2)","(2, -3, 2, 2, 2)",[Superius],45,3.0,356.0,3,"[2.0, 0.0, 14.0, 2.0, 0.0]",Fuga
96,Ave Maria,24,"(2, -3, 2, 2, 2)","(2, -3, 2, 2, 2)",Tenor,47,2.0,370.0,4,"[2.0, 0.0, 14.0, 2.0, 0.0]",Fuga
94,Ave Maria,24,"(2, -3, 2, 2, 2)","(2, -3, 2, 2, 2)",[Superius],47,3.0,372.0,5,"[2.0, 0.0, 14.0, 2.0, 0.0]",Fuga
98,Ave Maria,24,"(2, -3, 2, 2, 2)","(2, -3, 2, 2, 2)",Bassus,47,3.0,372.0,6,"[2.0, 0.0, 14.0, 2.0, 0.0]",Fuga
69,Ave Maria,25,"(2, -2, -2, -2, -2)","(2, -2, -2, -2, -2)",Tenor,41,3.0,324.0,1,"[0.0, 216.0, 44.0, 86.0, 82.0, 48.0, 84.0, 102.0, 64.0, 82.0]",Fuga
60,Ave Maria,25,"(2, -2, -2, -2, -2)","(2, -2, -2, -2, -2)",[Superius],41,3.0,324.0,2,"[0.0, 216.0, 44.0, 86.0, 82.0, 48.0, 84.0, 102.0, 64.0, 82.0]",Fuga
62,Ave Maria,25,"(2, -2, -2, -2, -2)","(2, -2, -2, -2, -2)",Altus,68,3.0,540.0,3,"[0.0, 216.0, 44.0, 86.0, 82.0, 48.0, 84.0, 102.0, 64.0, 82.0]",Fuga
70,Ave Maria,25,"(2, -2, -2, -2, -2)","(2, -2, -2, -2, -2)",Tenor,74,1.0,584.0,4,"[0.0, 216.0, 44.0, 86.0, 82.0, 48.0, 84.0, 102.0, 64.0, 82.0]",Fuga
61,Ave Maria,25,"(2, -2, -2, -2, -2)","(2, -2, -2, -2, -2)",[Superius],84,4.0,670.0,5,"[0.0, 216.0, 44.0, 86.0, 82.0, 48.0, 84.0, 102.0, 64.0, 82.0]",Fuga
63,Ave Maria,25,"(2, -2, -2, -2, -2)","(2, -2, -2, -2, -2)",Altus,94,3.0,752.0,6,"[0.0, 216.0, 44.0, 86.0, 82.0, 48.0, 84.0, 102.0, 64.0, 82.0]",Fuga
64,Ave Maria,25,"(2, -2, -2, -2, -2)","(2, -2, -2, -2, -2)",Altus,98,3.0,800.0,7,"[0.0, 216.0, 44.0, 86.0, 82.0, 48.0, 84.0, 102.0, 64.0, 82.0]",Fuga
65,Ave Maria,25,"(2, -2, -2, -2, -2)","(2, -2, -2, -2, -2)",Altus,105,3.0,884.0,8,"[0.0, 216.0, 44.0, 86.0, 82.0, 48.0, 84.0, 102.0, 64.0, 82.0]",Fuga
66,Ave Maria,25,"(2, -2, -2, -2, -2)","(2, -2, -2, -2, -2)",Altus,116,2.0,986.0,9,"[0.0, 216.0, 44.0, 86.0, 82.0, 48.0, 84.0, 102.0, 64.0, 82.0]",Fuga
67,Ave Maria,25,"(2, -2, -2, -2, -2)","(2, -2, -2, -2, -2)",Altus,124,2.0,1050.0,10,"[0.0, 216.0, 44.0, 86.0, 82.0, 48.0, 84.0, 102.0, 64.0, 82.0]",Fuga
68,Ave Maria,25,"(2, -2, -2, -2, -2)","(2, -2, -2, -2, -2)",Altus,135,3.0,1132.0,11,"[0.0, 216.0, 44.0, 86.0, 82.0, 48.0, 84.0, 102.0, 64.0, 82.0]",Fuga
180,Ave Maria,26,"(2, -2, -2, -2, 1)","(2, -2, -2, -2, 1)",[Superius],112,1.0,952.0,1,"[28.0, 36.0, 28.0]",ID
182,Ave Maria,26,"(2, -2, -2, -2, 1)","(2, -2, -2, -2, 1)",Tenor,115,3.0,980.0,2,"[28.0, 36.0, 28.0]",ID
181,Ave Maria,26,"(2, -2, -2, -2, 1)","(2, -2, -2, -2, 1)",[Superius],120,1.0,1016.0,3,"[28.0, 36.0, 28.0]",ID
183,Ave Maria,26,"(2, -2, -2, -2, 1)","(2, -2, -2, -2, 1)",Tenor,123,3.0,1044.0,4,"[28.0, 36.0, 28.0]",ID
108,Ave Maria,27,"(2, -2, -2, -2, 2)","(2, -2, -2, -2, 2)",[Superius],50,3.0,396.0,1,"[8.0, 320.0, 448.0]",Fuga
109,Ave Maria,27,"(2, -2, -2, -2, 2)","(2, -2, -2, -2, 2)",[Superius],51,3.0,404.0,2,"[8.0, 320.0, 448.0]",Fuga
110,Ave Maria,27,"(2, -2, -2, -2, 2)","(2, -2, -2, -2, 2)",Tenor,91,3.0,724.0,3,"[8.0, 320.0, 448.0]",Fuga
111,Ave Maria,27,"(2, -2, -2, -2, 2)","(2, -2, -2, -2, 2)",Bassus,139,3.0,1172.0,4,"[8.0, 320.0, 448.0]",Fuga
32,Ave Maria,28,"(2, -2, 1, -2, 2)","(2, -2, 1, -2, 2)",[Superius],33,3.0,260.0,1,"[28.0, 4.0, 336.0, 24.0, 516.0]",Fuga
33,Ave Maria,28,"(2, -2, 1, -2, 2)","(2, -2, 1, -2, 2)",Altus,37,1.0,288.0,2,"[28.0, 4.0, 336.0, 24.0, 516.0]",Fuga
36,Ave Maria,28,"(2, -2, 1, -2, 2)","(2, -2, 1, -2, 2)",Tenor,37,3.0,292.0,3,"[28.0, 4.0, 336.0, 24.0, 516.0]",Fuga
34,Ave Maria,28,"(2, -2, 1, -2, 2)","(2, -2, 1, -2, 2)",Altus,79,3.0,628.0,4,"[28.0, 4.0, 336.0, 24.0, 516.0]",Fuga
37,Ave Maria,28,"(2, -2, 1, -2, 2)","(2, -2, 1, -2, 2)",Bassus,82,3.0,652.0,5,"[28.0, 4.0, 336.0, 24.0, 516.0]",Fuga
35,Ave Maria,28,"(2, -2, 1, -2, 2)","(2, -2, 1, -2, 2)",Altus,139,1.0,1168.0,6,"[28.0, 4.0, 336.0, 24.0, 516.0]",Fuga
217,Ave Maria,29,"(2, -2, 2, -3, 2)","(2, -2, 2, -3, 2)",Bassus,49,3.0,388.0,1,"[2.0, 8.0, 2.0]",ID
215,Ave Maria,29,"(2, -2, 2, -3, 2)","(2, -2, 2, -3, 2)",Tenor,49,4.0,390.0,2,"[2.0, 8.0, 2.0]",ID
218,Ave Maria,29,"(2, -2, 2, -3, 2)","(2, -2, 2, -3, 2)",Bassus,50,4.0,398.0,3,"[2.0, 8.0, 2.0]",ID
216,Ave Maria,29,"(2, -2, 2, -3, 2)","(2, -2, 2, -3, 2)",Tenor,51,1.0,400.0,4,"[2.0, 8.0, 2.0]",ID
211,Ave Maria,30,"(2, 1, 2, -2, -2)","(2, 1, 2, -2, -2)",Altus,32,3.0,252.0,1,"[32.0, 696.0, 64.0]",Fuga
214,Ave Maria,30,"(2, 1, 2, -2, -2)","(2, 1, 2, -2, -2)",Bassus,36,3.0,284.0,2,"[32.0, 696.0, 64.0]",Fuga
212,Ave Maria,30,"(2, 1, 2, -2, -2)","(2, 1, 2, -2, -2)",Altus,116,3.0,980.0,3,"[32.0, 696.0, 64.0]",Fuga
213,Ave Maria,30,"(2, 1, 2, -2, -2)","(2, 1, 2, -2, -2)",Altus,124,3.0,1044.0,4,"[32.0, 696.0, 64.0]",Fuga
172,Ave Maria,31,"(2, 1, 2, 1, -3)","(2, 1, 2, 1, -3)",[Superius],94,3.0,752.0,1,"[8.0, 40.0, 8.0]",ID
174,Ave Maria,31,"(2, 1, 2, 1, -3)","(2, 1, 2, 1, -3)",Tenor,95,2.0,760.0,2,"[8.0, 40.0, 8.0]",ID
173,Ave Maria,31,"(2, 1, 2, 1, -3)","(2, 1, 2, 1, -3)",[Superius],98,3.0,800.0,3,"[8.0, 40.0, 8.0]",ID
175,Ave Maria,31,"(2, 1, 2, 1, -3)","(2, 1, 2, 1, -3)",Tenor,99,2.0,808.0,4,"[8.0, 40.0, 8.0]",ID
13,Ave Maria,32,"(2, 2, -3, -2, -2)","(2, 2, -3, -2, -2)",[Superius],17,3.0,132.0,1,"[306.0, 4.0, 36.0, 4.0]",Fuga
14,Ave Maria,32,"(2, 2, -3, -2, -2)","(2, 2, -3, -2, -2)",[Superius],55,4.0,438.0,2,"[306.0, 4.0, 36.0, 4.0]",Fuga
15,Ave Maria,32,"(2, 2, -3, -2, -2)","(2, 2, -3, -2, -2)",Altus,56,2.0,442.0,3,"[306.0, 4.0, 36.0, 4.0]",Fuga
16,Ave Maria,32,"(2, 2, -3, -2, -2)","(2, 2, -3, -2, -2)",Tenor,60,4.0,478.0,4,"[306.0, 4.0, 36.0, 4.0]",Fuga
17,Ave Maria,32,"(2, 2, -3, -2, -2)","(2, 2, -3, -2, -2)",Bassus,61,2.0,482.0,5,"[306.0, 4.0, 36.0, 4.0]",Fuga
89,Ave Maria,33,"(2, 2, -3, 2, 2)","(2, 2, -3, 2, 2)",Tenor,44,4.0,350.0,1,"[2.0, 0.0, 14.0, 2.0, 0.0]",Fuga
91,Ave Maria,33,"(2, 2, -3, 2, 2)","(2, 2, -3, 2, 2)",Bassus,45,1.0,352.0,2,"[2.0, 0.0, 14.0, 2.0, 0.0]",Fuga
87,Ave Maria,33,"(2, 2, -3, 2, 2)","(2, 2, -3, 2, 2)",[Superius],45,1.0,352.0,3,"[2.0, 0.0, 14.0, 2.0, 0.0]",Fuga
90,Ave Maria,33,"(2, 2, -3, 2, 2)","(2, 2, -3, 2, 2)",Tenor,46,4.0,366.0,4,"[2.0, 0.0, 14.0, 2.0, 0.0]",Fuga
92,Ave Maria,33,"(2, 2, -3, 2, 2)","(2, 2, -3, 2, 2)",Bassus,47,1.0,368.0,5,"[2.0, 0.0, 14.0, 2.0, 0.0]",Fuga
88,Ave Maria,33,"(2, 2, -3, 2, 2)","(2, 2, -3, 2, 2)",[Superius],47,1.0,368.0,6,"[2.0, 0.0, 14.0, 2.0, 0.0]",Fuga
104,Ave Maria,34,"(2, 2, -2, -2, -2)","(2, 2, -2, -2, -2)",[Superius],50,2.5,395.0,1,"[8.0, 320.0, 407.0]",Fuga
105,Ave Maria,34,"(2, 2, -2, -2, -2)","(2, 2, -2, -2, -2)",[Superius],51,2.5,403.0,2,"[8.0, 320.0, 407.0]",Fuga
107,Ave Maria,34,"(2, 2, -2, -2, -2)","(2, 2, -2, -2, -2)",Tenor,91,2.5,723.0,3,"[8.0, 320.0, 407.0]",Fuga
106,Ave Maria,34,"(2, 2, -2, -2, -2)","(2, 2, -2, -2, -2)",Altus,134,2.0,1130.0,4,"[8.0, 320.0, 407.0]",Fuga
22,Ave Maria,35,"(2, 2, 1, 2, -2)","(2, 2, 1, 2, -2)",[Superius],32,1.0,248.0,1,"[0.0, 32.0, 0.0, 696.0, 64.0]",Fuga
23,Ave Maria,35,"(2, 2, 1, 2, -2)","(2, 2, 1, 2, -2)",Altus,32,1.0,248.0,2,"[0.0, 32.0, 0.0, 696.0, 64.0]",Fuga
27,Ave Maria,35,"(2, 2, 1, 2, -2)","(2, 2, 1, 2, -2)",Bassus,36,1.0,280.0,3,"[0.0, 32.0, 0.0, 696.0, 64.0]",Fuga
26,Ave Maria,35,"(2, 2, 1, 2, -2)","(2, 2, 1, 2, -2)",Tenor,36,1.0,280.0,4,"[0.0, 32.0, 0.0, 696.0, 64.0]",Fuga
24,Ave Maria,35,"(2, 2, 1, 2, -2)","(2, 2, 1, 2, -2)",Altus,115,1.0,976.0,5,"[0.0, 32.0, 0.0, 696.0, 64.0]",Fuga
25,Ave Maria,35,"(2, 2, 1, 2, -2)","(2, 2, 1, 2, -2)",Altus,123,1.0,1040.0,6,"[0.0, 32.0, 0.0, 696.0, 64.0]",Fuga
81,Ave Maria,36,"(2, 2, 2, -3, 2)","(2, 2, 2, -3, 2)",[Superius],44,3.0,348.0,1,"[0.0, 2.0, 12.0, 2.0, 2.0]",Fuga
83,Ave Maria,36,"(2, 2, 2, -3, 2)","(2, 2, 2, -3, 2)",Tenor,44,3.0,348.0,2,"[0.0, 2.0, 12.0, 2.0, 2.0]",Fuga
85,Ave Maria,36,"(2, 2, 2, -3, 2)","(2, 2, 2, -3, 2)",Bassus,44,4.0,350.0,3,"[0.0, 2.0, 12.0, 2.0, 2.0]",Fuga
84,Ave Maria,36,"(2, 2, 2, -3, 2)","(2, 2, 2, -3, 2)",Tenor,46,2.0,362.0,4,"[0.0, 2.0, 12.0, 2.0, 2.0]",Fuga
82,Ave Maria,36,"(2, 2, 2, -3, 2)","(2, 2, 2, -3, 2)",[Superius],46,3.0,364.0,5,"[0.0, 2.0, 12.0, 2.0, 2.0]",Fuga
86,Ave Maria,36,"(2, 2, 2, -3, 2)","(2, 2, 2, -3, 2)",Bassus,46,4.0,366.0,6,"[0.0, 2.0, 12.0, 2.0, 2.0]",Fuga
99,Ave Maria,37,"(2, 2, 2, -2, 2)","(2, 2, 2, -2, 2)",[Superius],48,3.0,380.0,1,"[2.0, 0.0, 690.0, 20.0]",Fuga
101,Ave Maria,37,"(2, 2, 2, -2, 2)","(2, 2, 2, -2, 2)",Tenor,48,4.0,382.0,2,"[2.0, 0.0, 690.0, 20.0]",Fuga
103,Ave Maria,37,"(2, 2, 2, -2, 2)","(2, 2, 2, -2, 2)",Bassus,48,4.0,382.0,3,"[2.0, 0.0, 690.0, 20.0]",Fuga
100,Ave Maria,37,"(2, 2, 2, -2, 2)","(2, 2, 2, -2, 2)",[Superius],127,1.0,1072.0,4,"[2.0, 0.0, 690.0, 20.0]",Fuga
102,Ave Maria,37,"(2, 2, 2, -2, 2)","(2, 2, 2, -2, 2)",Tenor,129,3.0,1092.0,5,"[2.0, 0.0, 690.0, 20.0]",Fuga
200,Ave Maria,38,"(3, -2, -2, -2, -2)","(3, -2, -2, -2, -2)",[Superius],114,1.0,968.0,1,"[28.0, 36.0, 28.0]",ID
202,Ave Maria,38,"(3, -2, -2, -2, -2)","(3, -2, -2, -2, -2)",Tenor,117,3.0,996.0,2,"[28.0, 36.0, 28.0]",ID
201,Ave Maria,38,"(3, -2, -2, -2, -2)","(3, -2, -2, -2, -2)",[Superius],122,1.0,1032.0,3,"[28.0, 36.0, 28.0]",ID
203,Ave Maria,38,"(3, -2, -2, -2, -2)","(3, -2, -2, -2, -2)",Tenor,125,3.0,1060.0,4,"[28.0, 36.0, 28.0]",ID
125,Ave Maria,39,"(4, -2, 2, 2, -3)","(4, -2, 2, 2, -3)",[Superius],54,3.0,428.0,1,"[4.0, 36.0, 4.0]",ID
126,Ave Maria,39,"(4, -2, 2, 2, -3)","(4, -2, 2, 2, -3)",Altus,55,1.0,432.0,2,"[4.0, 36.0, 4.0]",ID
127,Ave Maria,39,"(4, -2, 2, 2, -3)","(4, -2, 2, 2, -3)",Tenor,59,3.0,468.0,3,"[4.0, 36.0, 4.0]",ID
128,Ave Maria,39,"(4, -2, 2, 2, -3)","(4, -2, 2, 2, -3)",Bassus,60,1.0,472.0,4,"[4.0, 36.0, 4.0]",ID
0,Ave Maria,40,"(4, 1, 2, 2, -3)","(4, 1, 2, 2, -3)",[Superius],1,1.0,0.0,1,"[16.0, 16.0, 16.0, 836.0]",Fuga
2,Ave Maria,40,"(4, 1, 2, 2, -3)","(4, 1, 2, 2, -3)",Altus,3,1.0,16.0,2,"[16.0, 16.0, 16.0, 836.0]",Fuga
3,Ave Maria,40,"(4, 1, 2, 2, -3)","(4, 1, 2, 2, -3)",Tenor,5,1.0,32.0,3,"[16.0, 16.0, 16.0, 836.0]",Fuga
4,Ave Maria,40,"(4, 1, 2, 2, -3)","(4, 1, 2, 2, -3)",Bassus,7,1.0,48.0,4,"[16.0, 16.0, 16.0, 836.0]",Fuga
1,Ave Maria,40,"(4, 1, 2, 2, -3)","(4, 1, 2, 2, -3)",[Superius],105,3.0,884.0,5,"[16.0, 16.0, 16.0, 836.0]",Fuga
