,pattern_generating_match,pattern_matched,piece_title,part,start_measure,start_beat,end_measure,end_beat,start_offset,end_offset,note_durations,ema,ema_url
0,"[4, 1, 2, 2, -2]","[4, 1, 2, 2, -2]",Missa Ave Maria: Kyrie,Sup[erius],3,3.0,6,4.0,20.0,46.0,"[4.0, 8.0, 4.0, 4.0, 6.0, 1.0]","3-6/1/@3.0-end,@start-end,@start-end,@start-4.0","https://ema.crimproject.org/https%3A%2F%2Fcrimproject.org%2Fmei%2FMEI_4.0/CRIM_Mass_0005_1.mei/3-6/1/@3.0-end,@start-end,@start-end,@start-4.0"
1,"[4, 1, 2, 2, -2]","[4, 1, 2, 2, -2]",Missa Ave Maria: Kyrie,Altus,1,1.0,4,2.0,0.0,26.0,"[4.0, 8.0, 4.0, 4.0, 6.0, 1.0]","1-4/2/@1.0-end,@start-end,@start-end,@start-2.0","https://ema.crimproject.org/https%3A%2F%2Fcrimproject.org%2Fmei%2FMEI_4.0/CRIM_Mass_0005_1.mei/1-4/2/@1.0-end,@start-end,@start-end,@start-2.0"
2,"[4, 1, 2, 2, -2]","[4, 1, 2, 2, -2]",Missa Ave Maria: Kyrie,Bassus,10,1.0,12,4.5,72.0,95.0,"[4.0, 8.0, 4.0, 4.0, 3.0, 1.0]","10-12/4/@1.0-end,@start-end,@start-4.5","https://ema.crimproject.org/https%3A%2F%2Fcrimproject.org%2Fmei%2FMEI_4.0/CRIM_Mass_0005_1.mei/10-12/4/@1.0-end,@start-end,@start-4.5"
3,"[1, 2, 2, -2, -2]","[1, 2, 2, -2, -2]",Missa Ave Maria: Kyrie,Sup[erius],4,1.0,6,4.5,24.0,47.0,"[8.0, 4.0, 4.0, 6.0, 1.0, 1.0]","4-6/1/@1.0-end,@start-end,@start-4.5","https://ema.crimproject.org/https%3A%2F%2Fcrimproject.org%2Fmei%2FMEI_4.0/CRIM_Mass_0005_1.mei/4-6/1/@1.0-end,@start-end,@start-4.5"
4,"[1, 2, 2, -2, -2]","[1, 2, 2, -2, -2]",Missa Ave Maria: Kyrie,Altus,1,3.0,4,2.5,4.0,27.0,"[8.0, 4.0, 4.0, 6.0, 1.0, 1.0]","1-4/2/@3.0-end,@start-end,@start-end,@start-2.5","https://ema.crimproject.org/https%3A%2F%2Fcrimproject.org%2Fmei%2FMEI_4.0/CRIM_Mass_0005_1.mei/1-4/2/@3.0-end,@start-end,@start-end,@start-2.5"
5,"[1, 2, 2, -2, -2]","[1, 2, 2, -2, -2]",Missa Ave Maria: Kyrie,Bassus,10,3.0,13,1.0,76.0,96.0,"[8.0, 4.0, 4.0, 3.0, 1.0, 1.0]","10-13/4/@3.0-end,@start-end,@start-end,@start-1.0","https://ema.crimproject.org/https%3A%2F%2Fcrimproject.org%2Fmei%2FMEI_4.0/CRIM_Mass_0005_1.mei/10-13/4/@3.0-end,@start-end,@start-end,@start-1.0"
6,"[-2, 4, -2, 2, -2]","[-2, 4, -2, 2, -2]",Missa Ave Maria: Kyrie,Sup[erius],6,4.0,8,2.0,46.0,58.0,"[1.0, 1.0, 4.0, 2.0, 4.0, 1.0]","6-8/1/@4.0-end,@start-end,@start-2.0","https://ema.crimproject.org/https%3A%2F%2Fcrimproject.org%2Fmei%2FMEI_4.0/CRIM_Mass_0005_1.mei/6-8/1/@4.0-end,@start-end,@start-2.0"
7,"[-2, 4, -2, 2, -2]","[-2, 4, -2, 2, -2]",Missa Ave Maria: Kyrie,Altus,4,2.0,5,4.0,26.0,38.0,"[1.0, 1.0, 4.0, 2.0, 4.0, 1.0]","4-5/2/@2.0-end,@start-4.0","https://ema.crimproject.org/https%3A%2F%2Fcrimproject.org%2Fmei%2FMEI_4.0/CRIM_Mass_0005_1.mei/4-5/2/@2.0-end,@start-4.0"
8,"[-2, 4, -2, 2, -2]","[-2, 4, -2, 2, -2]",Missa Ave Maria: Kyrie,Tenor,73,4.0,75,4.0,598.0,614.0,"[3.0, 1.0, 4.0, 2.0, 6.0, 1.0]","73-75/3/@4.0-end,@start-end,@start-4.0","https://ema.crimproject.org/https%3A%2F%2Fcrimproject.org%2Fmei%2FMEI_4.0/CRIM_Mass_0005_1.mei/73-75/3/@4.0-end,@start-end,@start-4.0"
9,"[4, -2, 2, -2, -2]","[4, -2, 2, -2, -2]",Missa Ave Maria: Kyrie,Sup[erius],6,4.5,8,2.5,47.0,59.0,"[1.0, 4.0, 2.0, 4.0, 1.0, 1.0]","6-8/1/@4.5-end,@start-end,@start-2.5","https://ema.crimproject.org/https%3A%2F%2Fcrimproject.org%2Fmei%2FMEI_4.0/CRIM_Mass_0005_1.mei/6-8/1/@4.5-end,@start-end,@start-2.5"
10,"[4, -2, 2, -2, -2]","[4, -2, 2, -2, -2]",Missa Ave Maria: Kyrie,Altus,4,2.5,5,4.5,27.0,39.0,"[1.0, 4.0, 2.0, 4.0, 1.0, 1.0]","4-5/2/@2.5-end,@start-4.5","https://ema.crimproject.org/https%3A%2F%2Fcrimproject.org%2Fmei%2FMEI_4.0/CRIM_Mass_0005_1.mei/4-5/2/@2.5-end,@start-4.5"
11,"[4, -2, 2, -2, -2]","[4, -2, 2, -2, -2]",Missa Ave Maria: Kyrie,Tenor,74,1.5,75,4.5,601.0,615.0,"[1.0, 4.0, 2.0, 6.0, 1.0, 1.0]","74-75/3/@1.5-end,@start-4.5","https://ema.crimproject.org/https%3A%2F%2Fcrimproject.org%2Fmei%2FMEI_4.0/CRIM_Mass_0005_1.mei/74-75/3/@1.5-end,@start-4.5"
12,"[-2, 2, -2, -2, -2]","[-2, 2, -2, -2, -2]",Missa Ave Maria: Kyrie,Sup[erius],7,1.0,8,3.0,48.0,60.0,"[4.0, 2.0, 4.0, 1.0, 1.0, 2.0]","7-8/1/@1.0-end,@start-3.0","https://ema.crimproject.org/https%3A%2F%2Fcrimproject.org%2Fmei%2FMEI_4.0/CRIM_Mass_0005_1.mei/7-8/1/@1.0-end,@start-3.0"
13,"[-2, 2, -2, -2, -2]","[-2, 2, -2, -2, -2]",Missa Ave Maria: Kyrie,Sup[erius],47,4.0,48,3.5,382.0,389.0,"[1.0, 1.0, 3.0, 1.0, 1.0, 1.0]","47-48/1/@4.0-end,@start-3.5","https://ema.crimproject.org/https%3A%2F%2Fcrimproject.org%2Fmei%2FMEI_4.0/CRIM_Mass_0005_1.mei/47-48/1/@4.0-end,@start-3.5"
14,"[-2, 2, -2, -2, -2]","[-2, 2, -2, -2, -2]",Missa Ave Maria: Kyrie,Sup[erius],61,4.0,63,1.5,494.0,505.0,"[4.0, 2.0, 3.0, 1.0, 1.0, 1.0]","61-63/1/@4.0-end,@start-end,@start-1.5","https://ema.crimproject.org/https%3A%2F%2Fcrimproject.org%2Fmei%2FMEI_4.0/CRIM_Mass_0005_1.mei/61-63/1/@4.0-end,@start-end,@start-1.5"
15,"[-2, 2, -2, -2, -2]","[-2, 2, -2, -2, -2]",Missa Ave Maria: Kyrie,Sup[erius],63,1.0,64,1.0,504.0,512.0,"[1.0, 1.0, 4.0, 1.0, 1.0, 16.0]","63-64/1/@1.0-end,@start-1.0","https://ema.crimproject.org/https%3A%2F%2Fcrimproject.org%2Fmei%2FMEI_4.0/CRIM_Mass_0005_1.mei/63-64/1/@1.0-end,@start-1.0"
16,"[-2, 2, -2, -2, -2]","[-2, 2, -2, -2, -2]",Missa Ave Maria: Kyrie,Sup[erius],79,4.0,80,2.5,646.0,651.0,"[1.0, 1.0, 1.0, 1.0, 1.0, 1.0]","79-80/1/@4.0-end,@start-2.5","https://ema.crimproject.org/https%3A%2F%2Fcrimproject.org%2Fmei%2FMEI_4.0/CRIM_Mass_0005_1.mei/79-80/1/@4.0-end,@start-2.5"
17,"[-2, 2, -2, -2, -2]","[-2, 2, -2, -2, -2]",Missa Ave Maria: Kyrie,Altus,4,3.0,6,1.0,28.0,40.0,"[4.0, 2.0, 4.0, 1.0, 1.0, 4.0]","4-6/2/@3.0-end,@start-end,@start-1.0","https://ema.crimproject.org/https%3A%2F%2Fcrimproject.org%2Fmei%2FMEI_4.0/CRIM_Mass_0005_1.mei/4-6/2/@3.0-end,@start-end,@start-1.0"
18,"[-2, 2, -2, -2, -2]","[-2, 2, -2, -2, -2]",Missa Ave Maria: Kyrie,Altus,7,1.0,8,3.0,48.0,60.0,"[4.0, 2.0, 4.0, 1.0, 1.0, 1.0]","7-8/2/@1.0-end,@start-3.0","https://ema.crimproject.org/https%3A%2F%2Fcrimproject.org%2Fmei%2FMEI_4.0/CRIM_Mass_0005_1.mei/7-8/2/@1.0-end,@start-3.0"
19,"[-2, 2, -2, -2, -2]","[-2, 2, -2, -2, -2]",Missa Ave Maria: Kyrie,Altus,22,4.5,24,1.0,175.0,184.0,"[1.0, 2.0, 4.0, 1.0, 1.0, 8.0]","22-24/2/@4.5-end,@start-end,@start-1.0","https://ema.crimproject.org/https%3A%2F%2Fcrimproject.org%2Fmei%2FMEI_4.0/CRIM_Mass_0005_1.mei/22-24/2/@4.5-end,@start-end,@start-1.0"
20,"[-2, 2, -2, -2, -2]","[-2, 2, -2, -2, -2]",Missa Ave Maria: Kyrie,Altus,39,4.0,40,2.5,318.0,323.0,"[1.0, 1.0, 1.0, 1.0, 1.0, 1.0]","39-40/2/@4.0-end,@start-2.5","https://ema.crimproject.org/https%3A%2F%2Fcrimproject.org%2Fmei%2FMEI_4.0/CRIM_Mass_0005_1.mei/39-40/2/@4.0-end,@start-2.5"
21,"[-2, 2, -2, -2, -2]","[-2, 2, -2, -2, -2]",Missa Ave Maria: Kyrie,Altus,57,4.0,59,2.0,462.0,474.0,"[1.0, 1.0, 2.0, 4.0, 4.0, 2.0]","57-59/2/@4.0-end,@start-end,@start-2.0","https://ema.crimproject.org/https%3A%2F%2Fcrimproject.org%2Fmei%2FMEI_4.0/CRIM_Mass_0005_1.mei/57-59/2/@4.0-end,@start-end,@start-2.0"
22,"[-2, 2, -2, -2, -2]","[-2, 2, -2, -2, -2]",Missa Ave Maria: Kyrie,Altus,81,4.0,82,2.5,662.0,667.0,"[1.0, 1.0, 1.0, 1.0, 1.0, 1.0]","81-82/2/@4.0-end,@start-2.5","https://ema.crimproject.org/https%3A%2F%2Fcrimproject.org%2Fmei%2FMEI_4.0/CRIM_Mass_0005_1.mei/81-82/2/@4.0-end,@start-2.5"
23,"[-2, 2, -2, -2, -2]","[-2, 2, -2, -2, -2]",Missa Ave Maria: Kyrie,Tenor,24,4.5,26,1.0,191.0,200.0,"[1.0, 2.0, 4.0, 1.0, 1.0, 1.0]","24-26/3/@4.5-end,@start-end,@start-1.0","https://ema.crimproject.org/https%3A%2F%2Fcrimproject.org%2Fmei%2FMEI_4.0/CRIM_Mass_0005_1.mei/24-26/3/@4.5-end,@start-end,@start-1.0"
24,"[-2, 2, -2, -2, -2]","[-2, 2, -2, -2, -2]",Missa Ave Maria: Kyrie,Tenor,75,4.0,76,2.5,614.0,619.0,"[1.0, 1.0, 1.0, 1.0, 1.0, 1.0]","75-76/3/@4.0-end,@start-2.5","https://ema.crimproject.org/https%3A%2F%2Fcrimproject.org%2Fmei%2FMEI_4.0/CRIM_Mass_0005_1.mei/75-76/3/@4.0-end,@start-2.5"
25,"[-2, 2, -2, -2, -2]","[-2, 2, -2, -2, -2]",Missa Ave Maria: Kyrie,Bassus,13,1.0,14,3.0,96.0,108.0,"[1.0, 1.0, 4.0, 2.0, 4.0, 4.0]","13-14/4/@1.0-end,@start-3.0","https://ema.crimproject.org/https%3A%2F%2Fcrimproject.org%2Fmei%2FMEI_4.0/CRIM_Mass_0005_1.mei/13-14/4/@1.0-end,@start-3.0"
26,"[-2, 2, -2, -2, -2]","[-2, 2, -2, -2, -2]",Missa Ave Maria: Kyrie,Bassus,15,3.0,17,1.0,116.0,128.0,"[1.0, 1.0, 4.0, 2.0, 4.0, 8.0]","15-17/4/@3.0-end,@start-end,@start-1.0","https://ema.crimproject.org/https%3A%2F%2Fcrimproject.org%2Fmei%2FMEI_4.0/CRIM_Mass_0005_1.mei/15-17/4/@3.0-end,@start-end,@start-1.0"
27,"[-2, 2, -2, -2, -2]","[-2, 2, -2, -2, -2]",Missa Ave Maria: Kyrie,Bassus,43,4.0,44,2.5,350.0,355.0,"[1.0, 1.0, 1.0, 1.0, 1.0, 1.0]","43-44/4/@4.0-end,@start-2.5","https://ema.crimproject.org/https%3A%2F%2Fcrimproject.org%2Fmei%2FMEI_4.0/CRIM_Mass_0005_1.mei/43-44/4/@4.0-end,@start-2.5"
28,"[-2, 2, -2, -2, -2]","[-2, 2, -2, -2, -2]",Missa Ave Maria: Kyrie,Bassus,49,2.0,49,4.5,394.0,399.0,"[1.0, 1.0, 1.0, 1.0, 1.0, 1.0]","49-49/4/@2.0-end,@start-4.5","https://ema.crimproject.org/https%3A%2F%2Fcrimproject.org%2Fmei%2FMEI_4.0/CRIM_Mass_0005_1.mei/49-49/4/@2.0-end,@start-4.5"
29,"[-2, 2, -2, -2, -2]","[-2, 2, -2, -2, -2]",Missa Ave Maria: Kyrie,Bassus,63,1.0,64,1.0,504.0,512.0,"[1.0, 1.0, 4.0, 1.0, 1.0, 16.0]","63-64/4/@1.0-end,@start-1.0","https://ema.crimproject.org/https%3A%2F%2Fcrimproject.org%2Fmei%2FMEI_4.0/CRIM_Mass_0005_1.mei/63-64/4/@1.0-end,@start-1.0"
30,"[2, -2, -2, -2, 2]","[2, -2, -2, -2, 2]",Missa Ave Maria: Kyrie,Sup[erius],7,3.0,8,4.0,52.0,62.0,"[2.0, 4.0, 1.0, 1.0, 2.0, 3.0]","7-8/1/@3.0-end,@start-4.0","https://ema.crimproject.org/https%3A%2F%2Fcrimproject.org%2Fmei%2FMEI_4.0/CRIM_Mass_0005_1.mei/7-8/1/@3.0-end,@start-4.0"
31,"[2, -2, -2, -2, 2]","[2, -2, -2, -2, 2]",Missa Ave Maria: Kyrie,Sup[erius],62,2.0,63,2.0,498.0,506.0,"[2.0, 3.0, 1.0, 1.0, 1.0, 4.0]","62-63/1/@2.0-end,@start-2.0","https://ema.crimproject.org/https%3A%2F%2Fcrimproject.org%2Fmei%2FMEI_4.0/CRIM_Mass_0005_1.mei/62-63/1/@2.0-end,@start-2.0"
32,"[2, -2, -2, -2, 2]","[2, -2, -2, -2, 2]",Missa Ave Maria: Kyrie,Sup[erius],79,4.5,80,3.0,647.0,652.0,"[1.0, 1.0, 1.0, 1.0, 1.0, 4.0]","79-80/1/@4.5-end,@start-3.0","https://ema.crimproject.org/https%3A%2F%2Fcrimproject.org%2Fmei%2FMEI_4.0/CRIM_Mass_0005_1.mei/79-80/1/@4.5-end,@start-3.0"
33,"[2, -2, -2, -2, 2]","[2, -2, -2, -2, 2]",Missa Ave Maria: Kyrie,Altus,39,4.5,40,3.0,319.0,324.0,"[1.0, 1.0, 1.0, 1.0, 1.0, 4.0]","39-40/2/@4.5-end,@start-3.0","https://ema.crimproject.org/https%3A%2F%2Fcrimproject.org%2Fmei%2FMEI_4.0/CRIM_Mass_0005_1.mei/39-40/2/@4.5-end,@start-3.0"
34,"[2, -2, -2, -2, 2]","[2, -2, -2, -2, 2]",Missa Ave Maria: Kyrie,Altus,57,4.5,59,3.0,463.0,476.0,"[1.0, 2.0, 4.0, 4.0, 2.0, 4.0]","57-59/2/@4.5-end,@start-end,@start-3.0","https://ema.crimproject.org/https%3A%2F%2Fcrimproject.org%2Fmei%2FMEI_4.0/CRIM_Mass_0005_1.mei/57-59/2/@4.5-end,@start-end,@start-3.0"
35,"[2, -2, -2, -2, 2]","[2, -2, -2, -2, 2]",Missa Ave Maria: Kyrie,Altus,81,4.5,82,3.0,663.0,668.0,"[1.0, 1.0, 1.0, 1.0, 1.0, 4.0]","81-82/2/@4.5-end,@start-3.0","https://ema.crimproject.org/https%3A%2F%2Fcrimproject.org%2Fmei%2FMEI_4.0/CRIM_Mass_0005_1.mei/81-82/2/@4.5-end,@start-3.0"
36,"[2, -2, -2, -2, 2]","[2, -2, -2, -2, 2]",Missa Ave Maria: Kyrie,Tenor,25,1.0,26,1.5,192.0,201.0,"[2.0, 4.0, 1.0, 1.0, 1.0, 1.0]","25-26/3/@1.0-end,@start-1.5","https://ema.crimproject.org/https%3A%2F%2Fcrimproject.org%2Fmei%2FMEI_4.0/CRIM_Mass_0005_1.mei/25-26/3/@1.0-end,@start-1.5"
37,"[2, -2, -2, -2, 2]","[2, -2, -2, -2, 2]",Missa Ave Maria: Kyrie,Tenor,26,3.0,28,1.0,204.0,216.0,"[2.0, 3.0, 1.0, 4.0, 2.0, 8.0]","26-28/3/@3.0-end,@start-end,@start-1.0","https://ema.crimproject.org/https%3A%2F%2Fcrimproject.org%2Fmei%2FMEI_4.0/CRIM_Mass_0005_1.mei/26-28/3/@3.0-end,@start-end,@start-1.0"
38,"[2, -2, -2, -2, 2]","[2, -2, -2, -2, 2]",Missa Ave Maria: Kyrie,Tenor,30,3.0,32,3.0,236.0,252.0,"[4.0, 6.0, 2.0, 3.0, 1.0, 2.0]","30-32/3/@3.0-end,@start-end,@start-3.0","https://ema.crimproject.org/https%3A%2F%2Fcrimproject.org%2Fmei%2FMEI_4.0/CRIM_Mass_0005_1.mei/30-32/3/@3.0-end,@start-end,@start-3.0"
39,"[2, -2, -2, -2, 2]","[2, -2, -2, -2, 2]",Missa Ave Maria: Kyrie,Tenor,55,1.0,56,1.0,440.0,448.0,"[2.0, 3.0, 1.0, 1.0, 1.0, 4.0]","55-56/3/@1.0-end,@start-1.0","https://ema.crimproject.org/https%3A%2F%2Fcrimproject.org%2Fmei%2FMEI_4.0/CRIM_Mass_0005_1.mei/55-56/3/@1.0-end,@start-1.0"
40,"[2, -2, -2, -2, 2]","[2, -2, -2, -2, 2]",Missa Ave Maria: Kyrie,Tenor,75,4.5,76,3.0,615.0,620.0,"[1.0, 1.0, 1.0, 1.0, 1.0, 4.0]","75-76/3/@4.5-end,@start-3.0","https://ema.crimproject.org/https%3A%2F%2Fcrimproject.org%2Fmei%2FMEI_4.0/CRIM_Mass_0005_1.mei/75-76/3/@4.5-end,@start-3.0"
41,"[2, -2, -2, -2, 2]","[2, -2, -2, -2, 2]",Missa Ave Maria: Kyrie,Bassus,12,1.0,13,2.0,88.0,98.0,"[4.0, 3.0, 1.0, 1.0, 1.0, 4.0]","12-13/4/@1.0-end,@start-2.0","https://ema.crimproject.org/https%3A%2F%2Fcrimproject.org%2Fmei%2FMEI_4.0/CRIM_Mass_0005_1.mei/12-13/4/@1.0-end,@start-2.0"
42,"[2, -2, -2, -2, 2]","[2, -2, -2, -2, 2]",Missa Ave Maria: Kyrie,Bassus,43,4.5,44,3.0,351.0,356.0,"[1.0, 1.0, 1.0, 1.0, 1.0, 4.0]","43-44/4/@4.5-end,@start-3.0","https://ema.crimproject.org/https%3A%2F%2Fcrimproject.org%2Fmei%2FMEI_4.0/CRIM_Mass_0005_1.mei/43-44/4/@4.5-end,@start-3.0"
43,"[2, -2, -2, -2, 2]","[2, -2, -2, -2, 2]",Missa Ave Maria: Kyrie,Bassus,49,2.5,50,1.0,395.0,400.0,"[1.0, 1.0, 1.0, 1.0, 1.0, 4.0]","49-50/4/@2.5-end,@start-1.0","https://ema.crimproject.org/https%3A%2F%2Fcrimproject.org%2Fmei%2FMEI_4.0/CRIM_Mass_0005_1.mei/49-50/4/@2.5-end,@start-1.0"
44,"[2, -2, -2, -2, 2]","[2, -2, -2, -2, 2]",Missa Ave Maria: Kyrie,Bassus,62,1.0,63,2.0,496.0,506.0,"[4.0, 3.0, 1.0, 1.0, 1.0, 4.0]","62-63/4/@1.0-end,@start-2.0","https://ema.crimproject.org/https%3A%2F%2Fcrimproject.org%2Fmei%2FMEI_4.0/CRIM_Mass_0005_1.mei/62-63/4/@1.0-end,@start-2.0"
45,"[2, -2, -2, -2, 2]","[2, -2, -2, -2, 2]",Missa Ave Maria: Kyrie,Bassus,85,1.5,86,1.5,689.0,697.0,"[1.0, 4.0, 1.0, 1.0, 1.0, 1.0]","85-86/4/@1.5-end,@start-1.5","https://ema.crimproject.org/https%3A%2F%2Fcrimproject.org%2Fmei%2FMEI_4.0/CRIM_Mass_0005_1.mei/85-86/4/@1.5-end,@start-1.5"
46,"[-2, -2, -2, 2, -2]","[-2, -2, -2, 2, -2]",Missa Ave Maria: Kyrie,Sup[erius],7,4.0,9,1.5,54.0,65.0,"[4.0, 1.0, 1.0, 2.0, 3.0, 1.0]","7-9/1/@4.0-end,@start-end,@start-1.5","https://ema.crimproject.org/https%3A%2F%2Fcrimproject.org%2Fmei%2FMEI_4.0/CRIM_Mass_0005_1.mei/7-9/1/@4.0-end,@start-end,@start-1.5"
47,"[-2, -2, -2, 2, -2]","[-2, -2, -2, 2, -2]",Missa Ave Maria: Kyrie,Sup[erius],17,3.0,18,3.5,132.0,141.0,"[3.0, 1.0, 1.0, 1.0, 3.0, 1.0]","17-18/1/@3.0-end,@start-3.5","https://ema.crimproject.org/https%3A%2F%2Fcrimproject.org%2Fmei%2FMEI_4.0/CRIM_Mass_0005_1.mei/17-18/1/@3.0-end,@start-3.5"
48,"[-2, -2, -2, 2, -2]","[-2, -2, -2, 2, -2]",Missa Ave Maria: Kyrie,Sup[erius],38,1.0,39,4.75,304.0,319.5,"[6.0, 2.0, 4.0, 3.0, 0.5, 0.5]","38-39/1/@1.0-end,@start-4.75","https://ema.crimproject.org/https%3A%2F%2Fcrimproject.org%2Fmei%2FMEI_4.0/CRIM_Mass_0005_1.mei/38-39/1/@1.0-end,@start-4.75"
49,"[-2, -2, -2, 2, -2]","[-2, -2, -2, 2, -2]",Missa Ave Maria: Kyrie,Sup[erius],60,2.0,61,2.0,482.0,490.0,"[3.0, 1.0, 1.0, 1.0, 2.0, 3.0]","60-61/1/@2.0-end,@start-2.0","https://ema.crimproject.org/https%3A%2F%2Fcrimproject.org%2Fmei%2FMEI_4.0/CRIM_Mass_0005_1.mei/60-61/1/@2.0-end,@start-2.0"
50,"[-2, -2, -2, 2, -2]","[-2, -2, -2, 2, -2]",Missa Ave Maria: Kyrie,Sup[erius],62,3.0,63,4.0,500.0,510.0,"[3.0, 1.0, 1.0, 1.0, 4.0, 1.0]","62-63/1/@3.0-end,@start-4.0","https://ema.crimproject.org/https%3A%2F%2Fcrimproject.org%2Fmei%2FMEI_4.0/CRIM_Mass_0005_1.mei/62-63/1/@3.0-end,@start-4.0"
51,"[-2, -2, -2, 2, -2]","[-2, -2, -2, 2, -2]",Missa Ave Maria: Kyrie,Altus,8,4.0,10,1.0,62.0,72.0,"[3.0, 1.0, 1.0, 1.0, 4.0, 8.0]","8-10/2/@4.0-end,@start-end,@start-1.0","https://ema.crimproject.org/https%3A%2F%2Fcrimproject.org%2Fmei%2FMEI_4.0/CRIM_Mass_0005_1.mei/8-10/2/@4.0-end,@start-end,@start-1.0"
52,"[-2, -2, -2, 2, -2]","[-2, -2, -2, 2, -2]",Missa Ave Maria: Kyrie,Altus,15,1.0,16,1.5,112.0,121.0,"[3.0, 1.0, 1.0, 1.0, 3.0, 1.0]","15-16/2/@1.0-end,@start-1.5","https://ema.crimproject.org/https%3A%2F%2Fcrimproject.org%2Fmei%2FMEI_4.0/CRIM_Mass_0005_1.mei/15-16/2/@1.0-end,@start-1.5"
53,"[-2, -2, -2, 2, -2]","[-2, -2, -2, 2, -2]",Missa Ave Maria: Kyrie,Altus,22,2.0,23,4.0,170.0,182.0,"[4.0, 1.0, 1.0, 2.0, 4.0, 1.0]","22-23/2/@2.0-end,@start-4.0","https://ema.crimproject.org/https%3A%2F%2Fcrimproject.org%2Fmei%2FMEI_4.0/CRIM_Mass_0005_1.mei/22-23/2/@2.0-end,@start-4.0"
54,"[-2, -2, -2, 2, -2]","[-2, -2, -2, 2, -2]",Missa Ave Maria: Kyrie,Altus,40,1.0,41,1.0,320.0,328.0,"[1.0, 1.0, 1.0, 1.0, 4.0, 8.0]","40-41/2/@1.0-end,@start-1.0","https://ema.crimproject.org/https%3A%2F%2Fcrimproject.org%2Fmei%2FMEI_4.0/CRIM_Mass_0005_1.mei/40-41/2/@1.0-end,@start-1.0"
55,"[-2, -2, -2, 2, -2]","[-2, -2, -2, 2, -2]",Missa Ave Maria: Kyrie,Altus,57,2.0,58,2.0,458.0,466.0,"[3.0, 1.0, 1.0, 1.0, 2.0, 4.0]","57-58/2/@2.0-end,@start-2.0","https://ema.crimproject.org/https%3A%2F%2Fcrimproject.org%2Fmei%2FMEI_4.0/CRIM_Mass_0005_1.mei/57-58/2/@2.0-end,@start-2.0"
56,"[-2, -2, -2, 2, -2]","[-2, -2, -2, 2, -2]",Missa Ave Maria: Kyrie,Altus,82,1.0,83,1.0,664.0,672.0,"[1.0, 1.0, 1.0, 1.0, 4.0, 8.0]","82-83/2/@1.0-end,@start-1.0","https://ema.crimproject.org/https%3A%2F%2Fcrimproject.org%2Fmei%2FMEI_4.0/CRIM_Mass_0005_1.mei/82-83/2/@1.0-end,@start-1.0"
57,"[-2, -2, -2, 2, -2]","[-2, -2, -2, 2, -2]",Missa Ave Maria: Kyrie,Tenor,12,3.0,13,3.5,92.0,101.0,"[3.0, 1.0, 1.0, 1.0, 3.0, 1.0]","12-13/3/@3.0-end,@start-3.5","https://ema.crimproject.org/https%3A%2F%2Fcrimproject.org%2Fmei%2FMEI_4.0/CRIM_Mass_0005_1.mei/12-13/3/@3.0-end,@start-3.5"
58,"[-2, -2, -2, 2, -2]","[-2, -2, -2, 2, -2]",Missa Ave Maria: Kyrie,Tenor,24,2.0,25,4.0,186.0,198.0,"[4.0, 1.0, 1.0, 2.0, 4.0, 1.0]","24-25/3/@2.0-end,@start-4.0","https://ema.crimproject.org/https%3A%2F%2Fcrimproject.org%2Fmei%2FMEI_4.0/CRIM_Mass_0005_1.mei/24-25/3/@2.0-end,@start-4.0"
59,"[-2, -2, -2, 2, -2]","[-2, -2, -2, 2, -2]",Missa Ave Maria: Kyrie,Tenor,42,1.0,43,4.5,336.0,351.0,"[6.0, 2.0, 4.0, 2.0, 1.0, 1.0]","42-43/3/@1.0-end,@start-4.5","https://ema.crimproject.org/https%3A%2F%2Fcrimproject.org%2Fmei%2FMEI_4.0/CRIM_Mass_0005_1.mei/42-43/3/@1.0-end,@start-4.5"
60,"[-2, -2, -2, 2, -2]","[-2, -2, -2, 2, -2]",Missa Ave Maria: Kyrie,Tenor,55,2.0,56,3.0,442.0,452.0,"[3.0, 1.0, 1.0, 1.0, 4.0, 12.0]","55-56/3/@2.0-end,@start-3.0","https://ema.crimproject.org/https%3A%2F%2Fcrimproject.org%2Fmei%2FMEI_4.0/CRIM_Mass_0005_1.mei/55-56/3/@2.0-end,@start-3.0"
61,"[-2, -2, -2, 2, -2]","[-2, -2, -2, 2, -2]",Missa Ave Maria: Kyrie,Tenor,59,4.0,60,4.0,478.0,486.0,"[3.0, 1.0, 1.0, 1.0, 2.0, 1.0]","59-60/3/@4.0-end,@start-4.0","https://ema.crimproject.org/https%3A%2F%2Fcrimproject.org%2Fmei%2FMEI_4.0/CRIM_Mass_0005_1.mei/59-60/3/@4.0-end,@start-4.0"
62,"[-2, -2, -2, 2, -2]","[-2, -2, -2, 2, -2]",Missa Ave Maria: Kyrie,Tenor,76,1.0,77,1.0,616.0,624.0,"[1.0, 1.0, 1.0, 1.0, 4.0, 8.0]","76-77/3/@1.0-end,@start-1.0","https://ema.crimproject.org/https%3A%2F%2Fcrimproject.org%2Fmei%2FMEI_4.0/CRIM_Mass_0005_1.mei/76-77/3/@1.0-end,@start-1.0"
63,"[-2, -2, -2, 2, -2]","[-2, -2, -2, 2, -2]",Missa Ave Maria: Kyrie,Tenor,94,3.5,96,5.0,765.0,776.0,"[1.0, 1.0, 1.0, 4.0, 4.0, 16.0]","94-96/3/@3.5-end,@start-end,@start-5.0","https://ema.crimproject.org/https%3A%2F%2Fcrimproject.org%2Fmei%2FMEI_4.0/CRIM_Mass_0005_1.mei/94-96/3/@3.5-end,@start-end,@start-5.0"
64,"[-2, -2, -2, 2, -2]","[-2, -2, -2, 2, -2]",Missa Ave Maria: Kyrie,Bassus,12,3.0,13,4.0,92.0,102.0,"[3.0, 1.0, 1.0, 1.0, 4.0, 2.0]","12-13/4/@3.0-end,@start-4.0","https://ema.crimproject.org/https%3A%2F%2Fcrimproject.org%2Fmei%2FMEI_4.0/CRIM_Mass_0005_1.mei/12-13/4/@3.0-end,@start-4.0"
65,"[-2, -2, -2, 2, -2]","[-2, -2, -2, 2, -2]",Missa Ave Maria: Kyrie,Bassus,15,1.0,16,2.0,112.0,122.0,"[3.0, 1.0, 1.0, 1.0, 4.0, 2.0]","15-16/4/@1.0-end,@start-2.0","https://ema.crimproject.org/https%3A%2F%2Fcrimproject.org%2Fmei%2FMEI_4.0/CRIM_Mass_0005_1.mei/15-16/4/@1.0-end,@start-2.0"
66,"[-2, -2, -2, 2, -2]","[-2, -2, -2, 2, -2]",Missa Ave Maria: Kyrie,Bassus,19,3.0,20,3.0,148.0,156.0,"[3.0, 1.0, 1.0, 1.0, 2.0, 2.0]","19-20/4/@3.0-end,@start-3.0","https://ema.crimproject.org/https%3A%2F%2Fcrimproject.org%2Fmei%2FMEI_4.0/CRIM_Mass_0005_1.mei/19-20/4/@3.0-end,@start-3.0"
67,"[-2, -2, -2, 2, -2]","[-2, -2, -2, 2, -2]",Missa Ave Maria: Kyrie,Bassus,44,1.0,45,1.0,352.0,360.0,"[1.0, 1.0, 1.0, 1.0, 4.0, 4.0]","44-45/4/@1.0-end,@start-1.0","https://ema.crimproject.org/https%3A%2F%2Fcrimproject.org%2Fmei%2FMEI_4.0/CRIM_Mass_0005_1.mei/44-45/4/@1.0-end,@start-1.0"
68,"[-2, -2, -2, 2, -2]","[-2, -2, -2, 2, -2]",Missa Ave Maria: Kyrie,Bassus,62,3.0,63,4.0,500.0,510.0,"[3.0, 1.0, 1.0, 1.0, 4.0, 1.0]","62-63/4/@3.0-end,@start-4.0","https://ema.crimproject.org/https%3A%2F%2Fcrimproject.org%2Fmei%2FMEI_4.0/CRIM_Mass_0005_1.mei/62-63/4/@3.0-end,@start-4.0"
69,"[4, 1, 2, 2, -3]","[4, 1, 2, 2, -3]",Missa Ave Maria: Kyrie,Sup[erius],14,3.0,17,3.0,108.0,132.0,"[4.0, 8.0, 4.0, 4.0, 4.0, 3.0]","14-17/1/@3.0-end,@start-end,@start-end,@start-3.0","https://ema.crimproject.org/https%3A%2F%2Fcrimproject.org%2Fmei%2FMEI_4.0/CRIM_Mass_0005_1.mei/14-17/1/@3.0-end,@start-end,@start-end,@start-3.0"
70,"[4, 1, 2, 2, -3]","[4, 1, 2, 2, -3]",Missa Ave Maria: Kyrie,Sup[erius],28,3.0,31,3.0,220.0,244.0,"[4.0, 8.0, 4.0, 4.0, 4.0, 4.0]","28-31/1/@3.0-end,@start-end,@start-end,@start-3.0","https://ema.crimproject.org/https%3A%2F%2Fcrimproject.org%2Fmei%2FMEI_4.0/CRIM_Mass_0005_1.mei/28-31/1/@3.0-end,@start-end,@start-end,@start-3.0"
71,"[4, 1, 2, 2, -3]","[4, 1, 2, 2, -3]",Missa Ave Maria: Kyrie,Altus,12,1.0,15,1.0,88.0,112.0,"[4.0, 8.0, 4.0, 4.0, 4.0, 3.0]","12-15/2/@1.0-end,@start-end,@start-end,@start-1.0","https://ema.crimproject.org/https%3A%2F%2Fcrimproject.org%2Fmei%2FMEI_4.0/CRIM_Mass_0005_1.mei/12-15/2/@1.0-end,@start-end,@start-end,@start-1.0"
72,"[4, 1, 2, 2, -3]","[4, 1, 2, 2, -3]",Missa Ave Maria: Kyrie,Tenor,9,3.0,12,3.0,68.0,92.0,"[4.0, 8.0, 4.0, 4.0, 4.0, 3.0]","9-12/3/@3.0-end,@start-end,@start-end,@start-3.0","https://ema.crimproject.org/https%3A%2F%2Fcrimproject.org%2Fmei%2FMEI_4.0/CRIM_Mass_0005_1.mei/9-12/3/@3.0-end,@start-end,@start-end,@start-3.0"
73,"[4, 1, 2, 2, -3]","[4, 1, 2, 2, -3]",Missa Ave Maria: Kyrie,Tenor,17,1.0,20,1.0,128.0,152.0,"[4.0, 8.0, 4.0, 4.0, 4.0, 3.0]","17-20/3/@1.0-end,@start-end,@start-end,@start-1.0","https://ema.crimproject.org/https%3A%2F%2Fcrimproject.org%2Fmei%2FMEI_4.0/CRIM_Mass_0005_1.mei/17-20/3/@1.0-end,@start-end,@start-end,@start-1.0"
74,"[1, 2, 2, -3, -2]","[1, 2, 2, -3, -2]",Missa Ave Maria: Kyrie,Sup[erius],15,1.0,17,4.5,112.0,135.0,"[8.0, 4.0, 4.0, 4.0, 3.0, 1.0]","15-17/1/@1.0-end,@start-end,@start-4.5","https://ema.crimproject.org/https%3A%2F%2Fcrimproject.org%2Fmei%2FMEI_4.0/CRIM_Mass_0005_1.mei/15-17/1/@1.0-end,@start-end,@start-4.5"
75,"[1, 2, 2, -3, -2]","[1, 2, 2, -3, -2]",Missa Ave Maria: Kyrie,Altus,12,3.0,15,2.5,92.0,115.0,"[8.0, 4.0, 4.0, 4.0, 3.0, 1.0]","12-15/2/@3.0-end,@start-end,@start-end,@start-2.5","https://ema.crimproject.org/https%3A%2F%2Fcrimproject.org%2Fmei%2FMEI_4.0/CRIM_Mass_0005_1.mei/12-15/2/@3.0-end,@start-end,@start-end,@start-2.5"
76,"[1, 2, 2, -3, -2]","[1, 2, 2, -3, -2]",Missa Ave Maria: Kyrie,Tenor,10,1.0,12,4.5,72.0,95.0,"[8.0, 4.0, 4.0, 4.0, 3.0, 1.0]","10-12/3/@1.0-end,@start-end,@start-4.5","https://ema.crimproject.org/https%3A%2F%2Fcrimproject.org%2Fmei%2FMEI_4.0/CRIM_Mass_0005_1.mei/10-12/3/@1.0-end,@start-end,@start-4.5"
77,"[2, 2, -3, -2, -2]","[2, 2, -3, -2, -2]",Missa Ave Maria: Kyrie,Sup[erius],16,1.0,18,1.0,120.0,136.0,"[4.0, 4.0, 4.0, 3.0, 1.0, 1.0]","16-18/1/@1.0-end,@start-end,@start-1.0","https://ema.crimproject.org/https%3A%2F%2Fcrimproject.org%2Fmei%2FMEI_4.0/CRIM_Mass_0005_1.mei/16-18/1/@1.0-end,@start-end,@start-1.0"
78,"[2, 2, -3, -2, -2]","[2, 2, -3, -2, -2]",Missa Ave Maria: Kyrie,Altus,13,3.0,15,3.0,100.0,116.0,"[4.0, 4.0, 4.0, 3.0, 1.0, 1.0]","13-15/2/@3.0-end,@start-end,@start-3.0","https://ema.crimproject.org/https%3A%2F%2Fcrimproject.org%2Fmei%2FMEI_4.0/CRIM_Mass_0005_1.mei/13-15/2/@3.0-end,@start-end,@start-3.0"
79,"[2, 2, -3, -2, -2]","[2, 2, -3, -2, -2]",Missa Ave Maria: Kyrie,Tenor,11,1.0,13,1.0,80.0,96.0,"[4.0, 4.0, 4.0, 3.0, 1.0, 1.0]","11-13/3/@1.0-end,@start-end,@start-1.0","https://ema.crimproject.org/https%3A%2F%2Fcrimproject.org%2Fmei%2FMEI_4.0/CRIM_Mass_0005_1.mei/11-13/3/@1.0-end,@start-end,@start-1.0"
80,"[2, -3, -2, -2, -2]","[2, -3, -2, -2, -2]",Missa Ave Maria: Kyrie,Sup[erius],16,3.0,18,1.5,124.0,137.0,"[4.0, 4.0, 3.0, 1.0, 1.0, 1.0]","16-18/1/@3.0-end,@start-end,@start-1.5","https://ema.crimproject.org/https%3A%2F%2Fcrimproject.org%2Fmei%2FMEI_4.0/CRIM_Mass_0005_1.mei/16-18/1/@3.0-end,@start-end,@start-1.5"
81,"[2, -3, -2, -2, -2]","[2, -3, -2, -2, -2]",Missa Ave Maria: Kyrie,Altus,14,1.0,15,3.5,104.0,117.0,"[4.0, 4.0, 3.0, 1.0, 1.0, 1.0]","14-15/2/@1.0-end,@start-3.5","https://ema.crimproject.org/https%3A%2F%2Fcrimproject.org%2Fmei%2FMEI_4.0/CRIM_Mass_0005_1.mei/14-15/2/@1.0-end,@start-3.5"
82,"[2, -3, -2, -2, -2]","[2, -3, -2, -2, -2]",Missa Ave Maria: Kyrie,Tenor,11,3.0,13,1.5,84.0,97.0,"[4.0, 4.0, 3.0, 1.0, 1.0, 1.0]","11-13/3/@3.0-end,@start-end,@start-1.5","https://ema.crimproject.org/https%3A%2F%2Fcrimproject.org%2Fmei%2FMEI_4.0/CRIM_Mass_0005_1.mei/11-13/3/@3.0-end,@start-end,@start-1.5"
83,"[-3, -2, -2, -2, 2]","[-3, -2, -2, -2, 2]",Missa Ave Maria: Kyrie,Sup[erius],17,1.0,18,2.0,128.0,138.0,"[4.0, 3.0, 1.0, 1.0, 1.0, 3.0]","17-18/1/@1.0-end,@start-2.0","https://ema.crimproject.org/https%3A%2F%2Fcrimproject.org%2Fmei%2FMEI_4.0/CRIM_Mass_0005_1.mei/17-18/1/@1.0-end,@start-2.0"
84,"[-3, -2, -2, -2, 2]","[-3, -2, -2, -2, 2]",Missa Ave Maria: Kyrie,Altus,14,3.0,15,4.0,108.0,118.0,"[4.0, 3.0, 1.0, 1.0, 1.0, 3.0]","14-15/2/@3.0-end,@start-4.0","https://ema.crimproject.org/https%3A%2F%2Fcrimproject.org%2Fmei%2FMEI_4.0/CRIM_Mass_0005_1.mei/14-15/2/@3.0-end,@start-4.0"
85,"[-3, -2, -2, -2, 2]","[-3, -2, -2, -2, 2]",Missa Ave Maria: Kyrie,Tenor,12,1.0,13,2.0,88.0,98.0,"[4.0, 3.0, 1.0, 1.0, 1.0, 3.0]","12-13/3/@1.0-end,@start-2.0","https://ema.crimproject.org/https%3A%2F%2Fcrimproject.org%2Fmei%2FMEI_4.0/CRIM_Mass_0005_1.mei/12-13/3/@1.0-end,@start-2.0"
86,"[-2, -2, 2, -2, 4]","[-2, -2, 2, -2, 4]",Missa Ave Maria: Kyrie,Sup[erius],17,4.5,18,4.0,135.0,142.0,"[1.0, 1.0, 1.0, 3.0, 1.0, 4.0]","17-18/1/@4.5-end,@start-4.0","https://ema.crimproject.org/https%3A%2F%2Fcrimproject.org%2Fmei%2FMEI_4.0/CRIM_Mass_0005_1.mei/17-18/1/@4.5-end,@start-4.0"
87,"[-2, -2, 2, -2, 4]","[-2, -2, 2, -2, 4]",Missa Ave Maria: Kyrie,Altus,15,2.5,16,2.0,115.0,122.0,"[1.0, 1.0, 1.0, 3.0, 1.0, 4.0]","15-16/2/@2.5-end,@start-2.0","https://ema.crimproject.org/https%3A%2F%2Fcrimproject.org%2Fmei%2FMEI_4.0/CRIM_Mass_0005_1.mei/15-16/2/@2.5-end,@start-2.0"
88,"[-2, -2, 2, -2, 4]","[-2, -2, 2, -2, 4]",Missa Ave Maria: Kyrie,Tenor,12,4.5,13,4.0,95.0,102.0,"[1.0, 1.0, 1.0, 3.0, 1.0, 4.0]","12-13/3/@4.5-end,@start-4.0","https://ema.crimproject.org/https%3A%2F%2Fcrimproject.org%2Fmei%2FMEI_4.0/CRIM_Mass_0005_1.mei/12-13/3/@4.5-end,@start-4.0"
89,"[-2, 2, -2, 4, -2]","[-2, 2, -2, 4, -2]",Missa Ave Maria: Kyrie,Sup[erius],18,1.0,19,2.0,136.0,146.0,"[1.0, 1.0, 3.0, 1.0, 4.0, 2.0]","18-19/1/@1.0-end,@start-2.0","https://ema.crimproject.org/https%3A%2F%2Fcrimproject.org%2Fmei%2FMEI_4.0/CRIM_Mass_0005_1.mei/18-19/1/@1.0-end,@start-2.0"
90,"[-2, 2, -2, 4, -2]","[-2, 2, -2, 4, -2]",Missa Ave Maria: Kyrie,Altus,15,3.0,16,4.0,116.0,126.0,"[1.0, 1.0, 3.0, 1.0, 4.0, 2.0]","15-16/2/@3.0-end,@start-4.0","https://ema.crimproject.org/https%3A%2F%2Fcrimproject.org%2Fmei%2FMEI_4.0/CRIM_Mass_0005_1.mei/15-16/2/@3.0-end,@start-4.0"
91,"[-2, 2, -2, 4, -2]","[-2, 2, -2, 4, -2]",Missa Ave Maria: Kyrie,Tenor,13,1.0,14,2.0,96.0,106.0,"[1.0, 1.0, 3.0, 1.0, 4.0, 2.0]","13-14/3/@1.0-end,@start-2.0","https://ema.crimproject.org/https%3A%2F%2Fcrimproject.org%2Fmei%2FMEI_4.0/CRIM_Mass_0005_1.mei/13-14/3/@1.0-end,@start-2.0"
92,"[2, -2, 4, -2, 2]","[2, -2, 4, -2, 2]",Missa Ave Maria: Kyrie,Sup[erius],18,1.5,19,3.0,137.0,148.0,"[1.0, 3.0, 1.0, 4.0, 2.0, 8.0]","18-19/1/@1.5-end,@start-3.0","https://ema.crimproject.org/https%3A%2F%2Fcrimproject.org%2Fmei%2FMEI_4.0/CRIM_Mass_0005_1.mei/18-19/1/@1.5-end,@start-3.0"
93,"[2, -2, 4, -2, 2]","[2, -2, 4, -2, 2]",Missa Ave Maria: Kyrie,Sup[erius],81,2.0,83,1.0,658.0,672.0,"[4.0, 3.0, 1.0, 4.0, 2.0, 8.0]","81-83/1/@2.0-end,@start-end,@start-1.0","https://ema.crimproject.org/https%3A%2F%2Fcrimproject.org%2Fmei%2FMEI_4.0/CRIM_Mass_0005_1.mei/81-83/1/@2.0-end,@start-end,@start-1.0"
94,"[2, -2, 4, -2, 2]","[2, -2, 4, -2, 2]",Missa Ave Maria: Kyrie,Altus,15,3.5,17,1.0,117.0,128.0,"[1.0, 3.0, 1.0, 4.0, 2.0, 8.0]","15-17/2/@3.5-end,@start-end,@start-1.0","https://ema.crimproject.org/https%3A%2F%2Fcrimproject.org%2Fmei%2FMEI_4.0/CRIM_Mass_0005_1.mei/15-17/2/@3.5-end,@start-end,@start-1.0"
95,"[2, -2, 4, -2, 2]","[2, -2, 4, -2, 2]",Missa Ave Maria: Kyrie,Tenor,13,1.5,14,3.0,97.0,108.0,"[1.0, 3.0, 1.0, 4.0, 2.0, 4.0]","13-14/3/@1.5-end,@start-3.0","https://ema.crimproject.org/https%3A%2F%2Fcrimproject.org%2Fmei%2FMEI_4.0/CRIM_Mass_0005_1.mei/13-14/3/@1.5-end,@start-3.0"
96,"[-2, -2, 2, -2, 2]","[-2, -2, 2, -2, 2]",Missa Ave Maria: Kyrie,Sup[erius],32,1.0,33,3.0,248.0,260.0,"[6.0, 1.0, 1.0, 3.0, 1.0, 2.0]","32-33/1/@1.0-end,@start-3.0","https://ema.crimproject.org/https%3A%2F%2Fcrimproject.org%2Fmei%2FMEI_4.0/CRIM_Mass_0005_1.mei/32-33/1/@1.0-end,@start-3.0"
97,"[-2, -2, 2, -2, 2]","[-2, -2, 2, -2, 2]",Missa Ave Maria: Kyrie,Sup[erius],38,4.0,40,1.0,310.0,320.0,"[2.0, 4.0, 3.0, 0.5, 0.5, 1.0]","38-40/1/@4.0-end,@start-end,@start-1.0","https://ema.crimproject.org/https%3A%2F%2Fcrimproject.org%2Fmei%2FMEI_4.0/CRIM_Mass_0005_1.mei/38-40/1/@4.0-end,@start-end,@start-1.0"
98,"[-2, -2, 2, -2, 2]","[-2, -2, 2, -2, 2]",Missa Ave Maria: Kyrie,Tenor,42,4.0,44,1.0,342.0,352.0,"[2.0, 4.0, 2.0, 1.0, 1.0, 1.0]","42-44/3/@4.0-end,@start-end,@start-1.0","https://ema.crimproject.org/https%3A%2F%2Fcrimproject.org%2Fmei%2FMEI_4.0/CRIM_Mass_0005_1.mei/42-44/3/@4.0-end,@start-end,@start-1.0"
99,"[-2, -2, 2, -2, 2]","[-2, -2, 2, -2, 2]",Missa Ave Maria: Kyrie,Bassus,19,4.5,20,4.0,151.0,158.0,"[1.0, 1.0, 1.0, 2.0, 2.0, 3.0]","19-20/4/@4.5-end,@start-4.0","https://ema.crimproject.org/https%3A%2F%2Fcrimproject.org%2Fmei%2FMEI_4.0/CRIM_Mass_0005_1.mei/19-20/4/@4.5-end,@start-4.0"
100,"[2, -2, 2, -2, -2]","[2, -2, 2, -2, -2]",Missa Ave Maria: Kyrie,Sup[erius],32,4.5,34,1.5,255.0,265.0,"[1.0, 3.0, 1.0, 2.0, 3.0, 1.0]","32-34/1/@4.5-end,@start-end,@start-1.5","https://ema.crimproject.org/https%3A%2F%2Fcrimproject.org%2Fmei%2FMEI_4.0/CRIM_Mass_0005_1.mei/32-34/1/@4.5-end,@start-end,@start-1.5"
101,"[2, -2, 2, -2, -2]","[2, -2, 2, -2, -2]",Missa Ave Maria: Kyrie,Altus,6,3.0,8,2.5,44.0,59.0,"[4.0, 4.0, 2.0, 4.0, 1.0, 1.0]","6-8/2/@3.0-end,@start-end,@start-2.5","https://ema.crimproject.org/https%3A%2F%2Fcrimproject.org%2Fmei%2FMEI_4.0/CRIM_Mass_0005_1.mei/6-8/2/@3.0-end,@start-end,@start-2.5"
102,"[2, -2, 2, -2, -2]","[2, -2, 2, -2, -2]",Missa Ave Maria: Kyrie,Altus,38,3.5,39,4.5,309.0,319.0,"[1.0, 4.0, 2.0, 2.0, 1.0, 1.0]","38-39/2/@3.5-end,@start-4.5","https://ema.crimproject.org/https%3A%2F%2Fcrimproject.org%2Fmei%2FMEI_4.0/CRIM_Mass_0005_1.mei/38-39/2/@3.5-end,@start-4.5"
103,"[2, -2, 2, -2, -2]","[2, -2, 2, -2, -2]",Missa Ave Maria: Kyrie,Bassus,42,3.5,43,4.5,341.0,351.0,"[1.0, 4.0, 2.0, 2.0, 1.0, 1.0]","42-43/4/@3.5-end,@start-4.5","https://ema.crimproject.org/https%3A%2F%2Fcrimproject.org%2Fmei%2FMEI_4.0/CRIM_Mass_0005_1.mei/42-43/4/@3.5-end,@start-4.5"
104,"[2, -2, 2, -2, -2]","[2, -2, 2, -2, -2]",Missa Ave Maria: Kyrie,Bassus,48,1.5,49,2.5,385.0,395.0,"[1.0, 4.0, 2.0, 2.0, 1.0, 1.0]","48-49/4/@1.5-end,@start-2.5","https://ema.crimproject.org/https%3A%2F%2Fcrimproject.org%2Fmei%2FMEI_4.0/CRIM_Mass_0005_1.mei/48-49/4/@1.5-end,@start-2.5"
105,"[2, -2, -2, 1, -2]","[2, -2, -2, 1, -2]",Missa Ave Maria: Kyrie,Sup[erius],33,2.5,34,4.0,259.0,270.0,"[1.0, 2.0, 3.0, 1.0, 4.0, 2.0]","33-34/1/@2.5-end,@start-4.0","https://ema.crimproject.org/https%3A%2F%2Fcrimproject.org%2Fmei%2FMEI_4.0/CRIM_Mass_0005_1.mei/33-34/1/@2.5-end,@start-4.0"
106,"[2, -2, -2, 1, -2]","[2, -2, -2, 1, -2]",Missa Ave Maria: Kyrie,Sup[erius],60,4.5,62,2.0,487.0,498.0,"[1.0, 2.0, 3.0, 1.0, 4.0, 2.0]","60-62/1/@4.5-end,@start-end,@start-2.0","https://ema.crimproject.org/https%3A%2F%2Fcrimproject.org%2Fmei%2FMEI_4.0/CRIM_Mass_0005_1.mei/60-62/1/@4.5-end,@start-end,@start-2.0"
107,"[2, -2, -2, 1, -2]","[2, -2, -2, 1, -2]",Missa Ave Maria: Kyrie,Altus,79,4.0,80,4.0,646.0,654.0,"[1.0, 1.0, 1.0, 1.0, 4.0, 2.0]","79-80/2/@4.0-end,@start-4.0","https://ema.crimproject.org/https%3A%2F%2Fcrimproject.org%2Fmei%2FMEI_4.0/CRIM_Mass_0005_1.mei/79-80/2/@4.0-end,@start-4.0"
108,"[2, -2, -2, 1, -2]","[2, -2, -2, 1, -2]",Missa Ave Maria: Kyrie,Bassus,75,4.0,76,4.0,614.0,622.0,"[1.0, 1.0, 1.0, 1.0, 4.0, 2.0]","75-76/4/@4.0-end,@start-4.0","https://ema.crimproject.org/https%3A%2F%2Fcrimproject.org%2Fmei%2FMEI_4.0/CRIM_Mass_0005_1.mei/75-76/4/@4.0-end,@start-4.0"
109,"[-2, -2, 1, -2, 2]","[-2, -2, 1, -2, 2]",Missa Ave Maria: Kyrie,Sup[erius],33,3.0,35,1.0,260.0,272.0,"[2.0, 3.0, 1.0, 4.0, 2.0, 24.0]","33-35/1/@3.0-end,@start-end,@start-1.0","https://ema.crimproject.org/https%3A%2F%2Fcrimproject.org%2Fmei%2FMEI_4.0/CRIM_Mass_0005_1.mei/33-35/1/@3.0-end,@start-end,@start-1.0"
110,"[-2, -2, 1, -2, 2]","[-2, -2, 1, -2, 2]",Missa Ave Maria: Kyrie,Sup[erius],49,1.0,50,3.0,392.0,404.0,"[2.0, 3.0, 1.0, 4.0, 2.0, 8.0]","49-50/1/@1.0-end,@start-3.0","https://ema.crimproject.org/https%3A%2F%2Fcrimproject.org%2Fmei%2FMEI_4.0/CRIM_Mass_0005_1.mei/49-50/1/@1.0-end,@start-3.0"
111,"[-2, -2, 1, -2, 2]","[-2, -2, 1, -2, 2]",Missa Ave Maria: Kyrie,Sup[erius],61,1.0,62,3.0,488.0,500.0,"[2.0, 3.0, 1.0, 4.0, 2.0, 3.0]","61-62/1/@1.0-end,@start-3.0","https://ema.crimproject.org/https%3A%2F%2Fcrimproject.org%2Fmei%2FMEI_4.0/CRIM_Mass_0005_1.mei/61-62/1/@1.0-end,@start-3.0"
112,"[-2, -2, 1, -2, 2]","[-2, -2, 1, -2, 2]",Missa Ave Maria: Kyrie,Altus,79,4.5,81,1.0,647.0,656.0,"[1.0, 1.0, 1.0, 4.0, 2.0, 6.0]","79-81/2/@4.5-end,@start-end,@start-1.0","https://ema.crimproject.org/https%3A%2F%2Fcrimproject.org%2Fmei%2FMEI_4.0/CRIM_Mass_0005_1.mei/79-81/2/@4.5-end,@start-end,@start-1.0"
113,"[-2, -2, 1, -2, 2]","[-2, -2, 1, -2, 2]",Missa Ave Maria: Kyrie,Bassus,75,4.5,77,1.0,615.0,624.0,"[1.0, 1.0, 1.0, 4.0, 2.0, 8.0]","75-77/4/@4.5-end,@start-end,@start-1.0","https://ema.crimproject.org/https%3A%2F%2Fcrimproject.org%2Fmei%2FMEI_4.0/CRIM_Mass_0005_1.mei/75-77/4/@4.5-end,@start-end,@start-1.0"
114,"[-2, 2, -2, 2, 2]","[-2, 2, -2, 2, 2]",Missa Ave Maria: Kyrie,Sup[erius],39,1.0,40,1.5,312.0,321.0,"[4.0, 3.0, 0.5, 0.5, 1.0, 1.0]","39-40/1/@1.0-end,@start-1.5","https://ema.crimproject.org/https%3A%2F%2Fcrimproject.org%2Fmei%2FMEI_4.0/CRIM_Mass_0005_1.mei/39-40/1/@1.0-end,@start-1.5"
115,"[-2, 2, -2, 2, 2]","[-2, 2, -2, 2, 2]",Missa Ave Maria: Kyrie,Altus,91,4.0,93,2.0,742.0,754.0,"[4.0, 2.0, 3.0, 1.0, 2.0, 4.0]","91-93/2/@4.0-end,@start-end,@start-2.0","https://ema.crimproject.org/https%3A%2F%2Fcrimproject.org%2Fmei%2FMEI_4.0/CRIM_Mass_0005_1.mei/91-93/2/@4.0-end,@start-end,@start-2.0"
116,"[-2, 2, -2, 2, 2]","[-2, 2, -2, 2, 2]",Missa Ave Maria: Kyrie,Tenor,43,1.0,44,1.5,344.0,353.0,"[4.0, 2.0, 1.0, 1.0, 1.0, 1.0]","43-44/3/@1.0-end,@start-1.5","https://ema.crimproject.org/https%3A%2F%2Fcrimproject.org%2Fmei%2FMEI_4.0/CRIM_Mass_0005_1.mei/43-44/3/@1.0-end,@start-1.5"
117,"[-2, 2, 2, 2, -2]","[-2, 2, 2, 2, -2]",Missa Ave Maria: Kyrie,Sup[erius],39,4.5,40,4.0,319.0,326.0,"[0.5, 0.5, 1.0, 1.0, 4.0, 2.0]","39-40/1/@4.5-end,@start-4.0","https://ema.crimproject.org/https%3A%2F%2Fcrimproject.org%2Fmei%2FMEI_4.0/CRIM_Mass_0005_1.mei/39-40/1/@4.5-end,@start-4.0"
118,"[-2, 2, 2, 2, -2]","[-2, 2, 2, 2, -2]",Missa Ave Maria: Kyrie,Altus,38,2.0,39,2.0,306.0,314.0,"[1.0, 1.0, 1.0, 1.0, 4.0, 2.0]","38-39/2/@2.0-end,@start-2.0","https://ema.crimproject.org/https%3A%2F%2Fcrimproject.org%2Fmei%2FMEI_4.0/CRIM_Mass_0005_1.mei/38-39/2/@2.0-end,@start-2.0"
119,"[-2, 2, 2, 2, -2]","[-2, 2, 2, 2, -2]",Missa Ave Maria: Kyrie,Tenor,43,4.0,44,4.0,350.0,358.0,"[1.0, 1.0, 1.0, 1.0, 4.0, 2.0]","43-44/3/@4.0-end,@start-4.0","https://ema.crimproject.org/https%3A%2F%2Fcrimproject.org%2Fmei%2FMEI_4.0/CRIM_Mass_0005_1.mei/43-44/3/@4.0-end,@start-4.0"
120,"[-2, 2, 2, 2, -2]","[-2, 2, 2, 2, -2]",Missa Ave Maria: Kyrie,Bassus,42,2.0,43,2.0,338.0,346.0,"[1.0, 1.0, 1.0, 1.0, 4.0, 2.0]","42-43/4/@2.0-end,@start-2.0","https://ema.crimproject.org/https%3A%2F%2Fcrimproject.org%2Fmei%2FMEI_4.0/CRIM_Mass_0005_1.mei/42-43/4/@2.0-end,@start-2.0"
121,"[-2, 2, 2, 2, -2]","[-2, 2, 2, 2, -2]",Missa Ave Maria: Kyrie,Bassus,47,4.0,48,4.0,382.0,390.0,"[1.0, 1.0, 1.0, 1.0, 4.0, 2.0]","47-48/4/@4.0-end,@start-4.0","https://ema.crimproject.org/https%3A%2F%2Fcrimproject.org%2Fmei%2FMEI_4.0/CRIM_Mass_0005_1.mei/47-48/4/@4.0-end,@start-4.0"
122,"[2, 2, 2, -2, 2]","[2, 2, 2, -2, 2]",Missa Ave Maria: Kyrie,Sup[erius],39,4.75,41,1.0,319.5,328.0,"[0.5, 1.0, 1.0, 4.0, 2.0, 8.0]","39-41/1/@4.75-end,@start-end,@start-1.0","https://ema.crimproject.org/https%3A%2F%2Fcrimproject.org%2Fmei%2FMEI_4.0/CRIM_Mass_0005_1.mei/39-41/1/@4.75-end,@start-end,@start-1.0"
123,"[2, 2, 2, -2, 2]","[2, 2, 2, -2, 2]",Missa Ave Maria: Kyrie,Altus,38,2.5,39,3.0,307.0,316.0,"[1.0, 1.0, 1.0, 4.0, 2.0, 2.0]","38-39/2/@2.5-end,@start-3.0","https://ema.crimproject.org/https%3A%2F%2Fcrimproject.org%2Fmei%2FMEI_4.0/CRIM_Mass_0005_1.mei/38-39/2/@2.5-end,@start-3.0"
124,"[2, 2, 2, -2, 2]","[2, 2, 2, -2, 2]",Missa Ave Maria: Kyrie,Altus,55,2.5,56,3.0,443.0,452.0,"[1.0, 1.0, 1.0, 4.0, 2.0, 4.0]","55-56/2/@2.5-end,@start-3.0","https://ema.crimproject.org/https%3A%2F%2Fcrimproject.org%2Fmei%2FMEI_4.0/CRIM_Mass_0005_1.mei/55-56/2/@2.5-end,@start-3.0"
125,"[2, 2, 2, -2, 2]","[2, 2, 2, -2, 2]",Missa Ave Maria: Kyrie,Tenor,43,4.5,45,1.0,351.0,360.0,"[1.0, 1.0, 1.0, 4.0, 2.0, 4.0]","43-45/3/@4.5-end,@start-end,@start-1.0","https://ema.crimproject.org/https%3A%2F%2Fcrimproject.org%2Fmei%2FMEI_4.0/CRIM_Mass_0005_1.mei/43-45/3/@4.5-end,@start-end,@start-1.0"
126,"[2, 2, 2, -2, 2]","[2, 2, 2, -2, 2]",Missa Ave Maria: Kyrie,Bassus,42,2.5,43,3.0,339.0,348.0,"[1.0, 1.0, 1.0, 4.0, 2.0, 2.0]","42-43/4/@2.5-end,@start-3.0","https://ema.crimproject.org/https%3A%2F%2Fcrimproject.org%2Fmei%2FMEI_4.0/CRIM_Mass_0005_1.mei/42-43/4/@2.5-end,@start-3.0"
127,"[2, 2, 2, -2, 2]","[2, 2, 2, -2, 2]",Missa Ave Maria: Kyrie,Bassus,47,4.5,49,1.0,383.0,392.0,"[1.0, 1.0, 1.0, 4.0, 2.0, 2.0]","47-49/4/@4.5-end,@start-end,@start-1.0","https://ema.crimproject.org/https%3A%2F%2Fcrimproject.org%2Fmei%2FMEI_4.0/CRIM_Mass_0005_1.mei/47-49/4/@4.5-end,@start-end,@start-1.0"
128,"[2, 2, 2, -2, -2]","[2, 2, 2, -2, -2]",Missa Ave Maria: Kyrie,Sup[erius],45,1.0,46,2.5,360.0,371.0,"[3.0, 1.0, 2.0, 4.0, 1.0, 1.0]","45-46/1/@1.0-end,@start-2.5","https://ema.crimproject.org/https%3A%2F%2Fcrimproject.org%2Fmei%2FMEI_4.0/CRIM_Mass_0005_1.mei/45-46/1/@1.0-end,@start-2.5"
129,"[2, 2, 2, -2, -2]","[2, 2, 2, -2, -2]",Missa Ave Maria: Kyrie,Sup[erius],46,3.0,47,4.5,372.0,383.0,"[3.0, 1.0, 2.0, 4.0, 1.0, 1.0]","46-47/1/@3.0-end,@start-4.5","https://ema.crimproject.org/https%3A%2F%2Fcrimproject.org%2Fmei%2FMEI_4.0/CRIM_Mass_0005_1.mei/46-47/1/@3.0-end,@start-4.5"
130,"[2, 2, 2, -2, -2]","[2, 2, 2, -2, -2]",Missa Ave Maria: Kyrie,Sup[erius],52,1.0,53,2.5,416.0,427.0,"[3.0, 1.0, 2.0, 4.0, 1.0, 1.0]","52-53/1/@1.0-end,@start-2.5","https://ema.crimproject.org/https%3A%2F%2Fcrimproject.org%2Fmei%2FMEI_4.0/CRIM_Mass_0005_1.mei/52-53/1/@1.0-end,@start-2.5"
131,"[2, 2, 2, -2, -2]","[2, 2, 2, -2, -2]",Missa Ave Maria: Kyrie,Sup[erius],53,3.0,54,4.5,428.0,439.0,"[3.0, 1.0, 2.0, 4.0, 1.0, 1.0]","53-54/1/@3.0-end,@start-4.5","https://ema.crimproject.org/https%3A%2F%2Fcrimproject.org%2Fmei%2FMEI_4.0/CRIM_Mass_0005_1.mei/53-54/1/@3.0-end,@start-4.5"
132,"[2, 2, 2, -2, -2]","[2, 2, 2, -2, -2]",Missa Ave Maria: Kyrie,Sup[erius],77,4.0,78,4.0,630.0,638.0,"[1.0, 1.0, 1.0, 1.0, 4.0, 2.0]","77-78/1/@4.0-end,@start-4.0","https://ema.crimproject.org/https%3A%2F%2Fcrimproject.org%2Fmei%2FMEI_4.0/CRIM_Mass_0005_1.mei/77-78/1/@4.0-end,@start-4.0"
133,"[2, 2, 2, -2, -2]","[2, 2, 2, -2, -2]",Missa Ave Maria: Kyrie,Altus,37,1.0,38,2.5,296.0,307.0,"[3.0, 1.0, 2.0, 4.0, 1.0, 1.0]","37-38/2/@1.0-end,@start-2.5","https://ema.crimproject.org/https%3A%2F%2Fcrimproject.org%2Fmei%2FMEI_4.0/CRIM_Mass_0005_1.mei/37-38/2/@1.0-end,@start-2.5"
134,"[2, 2, 2, -2, -2]","[2, 2, 2, -2, -2]",Missa Ave Maria: Kyrie,Altus,79,3.0,80,1.5,644.0,649.0,"[1.0, 1.0, 1.0, 1.0, 1.0, 1.0]","79-80/2/@3.0-end,@start-1.5","https://ema.crimproject.org/https%3A%2F%2Fcrimproject.org%2Fmei%2FMEI_4.0/CRIM_Mass_0005_1.mei/79-80/2/@3.0-end,@start-1.5"
135,"[2, 2, 2, -2, -2]","[2, 2, 2, -2, -2]",Missa Ave Maria: Kyrie,Tenor,20,1.0,21,4.0,152.0,166.0,"[3.0, 1.0, 2.0, 4.0, 4.0, 2.0]","20-21/3/@1.0-end,@start-4.0","https://ema.crimproject.org/https%3A%2F%2Fcrimproject.org%2Fmei%2FMEI_4.0/CRIM_Mass_0005_1.mei/20-21/3/@1.0-end,@start-4.0"
136,"[2, 2, 2, -2, -2]","[2, 2, 2, -2, -2]",Missa Ave Maria: Kyrie,Tenor,26,2.0,27,2.0,202.0,210.0,"[1.0, 1.0, 2.0, 3.0, 1.0, 4.0]","26-27/3/@2.0-end,@start-2.0","https://ema.crimproject.org/https%3A%2F%2Fcrimproject.org%2Fmei%2FMEI_4.0/CRIM_Mass_0005_1.mei/26-27/3/@2.0-end,@start-2.0"
137,"[2, 2, 2, -2, -2]","[2, 2, 2, -2, -2]",Missa Ave Maria: Kyrie,Tenor,29,3.0,32,1.0,228.0,248.0,"[4.0, 4.0, 4.0, 6.0, 2.0, 3.0]","29-32/3/@3.0-end,@start-end,@start-end,@start-1.0","https://ema.crimproject.org/https%3A%2F%2Fcrimproject.org%2Fmei%2FMEI_4.0/CRIM_Mass_0005_1.mei/29-32/3/@3.0-end,@start-end,@start-end,@start-1.0"
138,"[2, 2, 2, -2, -2]","[2, 2, 2, -2, -2]",Missa Ave Maria: Kyrie,Tenor,50,3.0,51,4.5,404.0,415.0,"[3.0, 1.0, 2.0, 4.0, 1.0, 1.0]","50-51/3/@3.0-end,@start-4.5","https://ema.crimproject.org/https%3A%2F%2Fcrimproject.org%2Fmei%2FMEI_4.0/CRIM_Mass_0005_1.mei/50-51/3/@3.0-end,@start-4.5"
139,"[2, 2, 2, -2, -2]","[2, 2, 2, -2, -2]",Missa Ave Maria: Kyrie,Tenor,53,3.0,54,4.5,428.0,439.0,"[3.0, 1.0, 2.0, 4.0, 1.0, 1.0]","53-54/3/@3.0-end,@start-4.5","https://ema.crimproject.org/https%3A%2F%2Fcrimproject.org%2Fmei%2FMEI_4.0/CRIM_Mass_0005_1.mei/53-54/3/@3.0-end,@start-4.5"
140,"[2, 2, 2, -2, -2]","[2, 2, 2, -2, -2]",Missa Ave Maria: Kyrie,Bassus,24,3.0,25,4.5,188.0,199.0,"[3.0, 1.0, 2.0, 4.0, 1.0, 1.0]","24-25/4/@3.0-end,@start-4.5","https://ema.crimproject.org/https%3A%2F%2Fcrimproject.org%2Fmei%2FMEI_4.0/CRIM_Mass_0005_1.mei/24-25/4/@3.0-end,@start-4.5"
141,"[2, 2, 2, -2, -2]","[2, 2, 2, -2, -2]",Missa Ave Maria: Kyrie,Bassus,41,1.0,42,2.5,328.0,339.0,"[3.0, 1.0, 2.0, 4.0, 1.0, 1.0]","41-42/4/@1.0-end,@start-2.5","https://ema.crimproject.org/https%3A%2F%2Fcrimproject.org%2Fmei%2FMEI_4.0/CRIM_Mass_0005_1.mei/41-42/4/@1.0-end,@start-2.5"
142,"[2, 2, 2, -2, -2]","[2, 2, 2, -2, -2]",Missa Ave Maria: Kyrie,Bassus,46,3.0,47,4.5,372.0,383.0,"[3.0, 1.0, 2.0, 4.0, 1.0, 1.0]","46-47/4/@3.0-end,@start-4.5","https://ema.crimproject.org/https%3A%2F%2Fcrimproject.org%2Fmei%2FMEI_4.0/CRIM_Mass_0005_1.mei/46-47/4/@3.0-end,@start-4.5"
143,"[2, 2, 2, -2, -2]","[2, 2, 2, -2, -2]",Missa Ave Maria: Kyrie,Bassus,75,3.0,76,1.5,612.0,617.0,"[1.0, 1.0, 1.0, 1.0, 1.0, 1.0]","75-76/4/@3.0-end,@start-1.5","https://ema.crimproject.org/https%3A%2F%2Fcrimproject.org%2Fmei%2FMEI_4.0/CRIM_Mass_0005_1.mei/75-76/4/@3.0-end,@start-1.5"
144,"[2, 2, 2, -2, -2]","[2, 2, 2, -2, -2]",Missa Ave Maria: Kyrie,Bassus,86,1.5,87,1.0,697.0,704.0,"[1.0, 1.0, 1.0, 3.0, 1.0, 2.0]","86-87/4/@1.5-end,@start-1.0","https://ema.crimproject.org/https%3A%2F%2Fcrimproject.org%2Fmei%2FMEI_4.0/CRIM_Mass_0005_1.mei/86-87/4/@1.5-end,@start-1.0"
145,"[2, 2, -2, -2, 2]","[2, 2, -2, -2, 2]",Missa Ave Maria: Kyrie,Sup[erius],45,2.5,46,3.0,363.0,372.0,"[1.0, 2.0, 4.0, 1.0, 1.0, 3.0]","45-46/1/@2.5-end,@start-3.0","https://ema.crimproject.org/https%3A%2F%2Fcrimproject.org%2Fmei%2FMEI_4.0/CRIM_Mass_0005_1.mei/45-46/1/@2.5-end,@start-3.0"
146,"[2, 2, -2, -2, 2]","[2, 2, -2, -2, 2]",Missa Ave Maria: Kyrie,Sup[erius],46,4.5,48,1.0,375.0,384.0,"[1.0, 2.0, 4.0, 1.0, 1.0, 3.0]","46-48/1/@4.5-end,@start-end,@start-1.0","https://ema.crimproject.org/https%3A%2F%2Fcrimproject.org%2Fmei%2FMEI_4.0/CRIM_Mass_0005_1.mei/46-48/1/@4.5-end,@start-end,@start-1.0"
147,"[2, 2, -2, -2, 2]","[2, 2, -2, -2, 2]",Missa Ave Maria: Kyrie,Sup[erius],52,2.5,53,3.0,419.0,428.0,"[1.0, 2.0, 4.0, 1.0, 1.0, 3.0]","52-53/1/@2.5-end,@start-3.0","https://ema.crimproject.org/https%3A%2F%2Fcrimproject.org%2Fmei%2FMEI_4.0/CRIM_Mass_0005_1.mei/52-53/1/@2.5-end,@start-3.0"
148,"[2, 2, -2, -2, 2]","[2, 2, -2, -2, 2]",Missa Ave Maria: Kyrie,Sup[erius],53,4.5,55,1.0,431.0,440.0,"[1.0, 2.0, 4.0, 1.0, 1.0, 2.0]","53-55/1/@4.5-end,@start-end,@start-1.0","https://ema.crimproject.org/https%3A%2F%2Fcrimproject.org%2Fmei%2FMEI_4.0/CRIM_Mass_0005_1.mei/53-55/1/@4.5-end,@start-end,@start-1.0"
149,"[2, 2, -2, -2, 2]","[2, 2, -2, -2, 2]",Missa Ave Maria: Kyrie,Sup[erius],77,4.5,79,1.0,631.0,640.0,"[1.0, 1.0, 1.0, 4.0, 2.0, 6.0]","77-79/1/@4.5-end,@start-end,@start-1.0","https://ema.crimproject.org/https%3A%2F%2Fcrimproject.org%2Fmei%2FMEI_4.0/CRIM_Mass_0005_1.mei/77-79/1/@4.5-end,@start-end,@start-1.0"
150,"[2, 2, -2, -2, 2]","[2, 2, -2, -2, 2]",Missa Ave Maria: Kyrie,Altus,37,2.5,38,3.0,299.0,308.0,"[1.0, 2.0, 4.0, 1.0, 1.0, 1.0]","37-38/2/@2.5-end,@start-3.0","https://ema.crimproject.org/https%3A%2F%2Fcrimproject.org%2Fmei%2FMEI_4.0/CRIM_Mass_0005_1.mei/37-38/2/@2.5-end,@start-3.0"
151,"[2, 2, -2, -2, 2]","[2, 2, -2, -2, 2]",Missa Ave Maria: Kyrie,Tenor,20,2.5,22,1.0,155.0,168.0,"[1.0, 2.0, 4.0, 4.0, 2.0, 8.0]","20-22/3/@2.5-end,@start-end,@start-1.0","https://ema.crimproject.org/https%3A%2F%2Fcrimproject.org%2Fmei%2FMEI_4.0/CRIM_Mass_0005_1.mei/20-22/3/@2.5-end,@start-end,@start-1.0"
152,"[2, 2, -2, -2, 2]","[2, 2, -2, -2, 2]",Missa Ave Maria: Kyrie,Tenor,50,4.5,52,1.0,407.0,416.0,"[1.0, 2.0, 4.0, 1.0, 1.0, 4.0]","50-52/3/@4.5-end,@start-end,@start-1.0","https://ema.crimproject.org/https%3A%2F%2Fcrimproject.org%2Fmei%2FMEI_4.0/CRIM_Mass_0005_1.mei/50-52/3/@4.5-end,@start-end,@start-1.0"
153,"[2, 2, -2, -2, 2]","[2, 2, -2, -2, 2]",Missa Ave Maria: Kyrie,Tenor,53,4.5,55,1.0,431.0,440.0,"[1.0, 2.0, 4.0, 1.0, 1.0, 2.0]","53-55/3/@4.5-end,@start-end,@start-1.0","https://ema.crimproject.org/https%3A%2F%2Fcrimproject.org%2Fmei%2FMEI_4.0/CRIM_Mass_0005_1.mei/53-55/3/@4.5-end,@start-end,@start-1.0"
154,"[2, 2, -2, -2, 2]","[2, 2, -2, -2, 2]",Missa Ave Maria: Kyrie,Bassus,41,2.5,42,3.0,331.0,340.0,"[1.0, 2.0, 4.0, 1.0, 1.0, 1.0]","41-42/4/@2.5-end,@start-3.0","https://ema.crimproject.org/https%3A%2F%2Fcrimproject.org%2Fmei%2FMEI_4.0/CRIM_Mass_0005_1.mei/41-42/4/@2.5-end,@start-3.0"
155,"[2, 2, -2, -2, 2]","[2, 2, -2, -2, 2]",Missa Ave Maria: Kyrie,Bassus,46,4.5,48,1.0,375.0,384.0,"[1.0, 2.0, 4.0, 1.0, 1.0, 1.0]","46-48/4/@4.5-end,@start-end,@start-1.0","https://ema.crimproject.org/https%3A%2F%2Fcrimproject.org%2Fmei%2FMEI_4.0/CRIM_Mass_0005_1.mei/46-48/4/@4.5-end,@start-end,@start-1.0"
156,"[2, 2, -2, -2, 2]","[2, 2, -2, -2, 2]",Missa Ave Maria: Kyrie,Bassus,86,2.0,87,2.0,698.0,706.0,"[1.0, 1.0, 3.0, 1.0, 2.0, 2.0]","86-87/4/@2.0-end,@start-2.0","https://ema.crimproject.org/https%3A%2F%2Fcrimproject.org%2Fmei%2FMEI_4.0/CRIM_Mass_0005_1.mei/86-87/4/@2.0-end,@start-2.0"
157,"[2, -2, -2, 2, 2]","[2, -2, -2, 2, 2]",Missa Ave Maria: Kyrie,Sup[erius],45,3.0,46,4.5,364.0,375.0,"[2.0, 4.0, 1.0, 1.0, 3.0, 1.0]","45-46/1/@3.0-end,@start-4.5","https://ema.crimproject.org/https%3A%2F%2Fcrimproject.org%2Fmei%2FMEI_4.0/CRIM_Mass_0005_1.mei/45-46/1/@3.0-end,@start-4.5"
158,"[2, -2, -2, 2, 2]","[2, -2, -2, 2, 2]",Missa Ave Maria: Kyrie,Sup[erius],52,3.0,53,4.5,420.0,431.0,"[2.0, 4.0, 1.0, 1.0, 3.0, 1.0]","52-53/1/@3.0-end,@start-4.5","https://ema.crimproject.org/https%3A%2F%2Fcrimproject.org%2Fmei%2FMEI_4.0/CRIM_Mass_0005_1.mei/52-53/1/@3.0-end,@start-4.5"
159,"[2, -2, -2, 2, 2]","[2, -2, -2, 2, 2]",Missa Ave Maria: Kyrie,Sup[erius],54,1.0,55,2.0,432.0,442.0,"[2.0, 4.0, 1.0, 1.0, 2.0, 3.0]","54-55/1/@1.0-end,@start-2.0","https://ema.crimproject.org/https%3A%2F%2Fcrimproject.org%2Fmei%2FMEI_4.0/CRIM_Mass_0005_1.mei/54-55/1/@1.0-end,@start-2.0"
160,"[2, -2, -2, 2, 2]","[2, -2, -2, 2, 2]",Missa Ave Maria: Kyrie,Altus,37,3.0,38,3.5,300.0,309.0,"[2.0, 4.0, 1.0, 1.0, 1.0, 1.0]","37-38/2/@3.0-end,@start-3.5","https://ema.crimproject.org/https%3A%2F%2Fcrimproject.org%2Fmei%2FMEI_4.0/CRIM_Mass_0005_1.mei/37-38/2/@3.0-end,@start-3.5"
161,"[2, -2, -2, 2, 2]","[2, -2, -2, 2, 2]",Missa Ave Maria: Kyrie,Tenor,54,1.0,55,2.0,432.0,442.0,"[2.0, 4.0, 1.0, 1.0, 2.0, 3.0]","54-55/3/@1.0-end,@start-2.0","https://ema.crimproject.org/https%3A%2F%2Fcrimproject.org%2Fmei%2FMEI_4.0/CRIM_Mass_0005_1.mei/54-55/3/@1.0-end,@start-2.0"
162,"[2, -2, -2, 2, 2]","[2, -2, -2, 2, 2]",Missa Ave Maria: Kyrie,Bassus,41,3.0,42,3.5,332.0,341.0,"[2.0, 4.0, 1.0, 1.0, 1.0, 1.0]","41-42/4/@3.0-end,@start-3.5","https://ema.crimproject.org/https%3A%2F%2Fcrimproject.org%2Fmei%2FMEI_4.0/CRIM_Mass_0005_1.mei/41-42/4/@3.0-end,@start-3.5"
163,"[2, -2, -2, 2, 2]","[2, -2, -2, 2, 2]",Missa Ave Maria: Kyrie,Bassus,47,1.0,48,1.5,376.0,385.0,"[2.0, 4.0, 1.0, 1.0, 1.0, 1.0]","47-48/4/@1.0-end,@start-1.5","https://ema.crimproject.org/https%3A%2F%2Fcrimproject.org%2Fmei%2FMEI_4.0/CRIM_Mass_0005_1.mei/47-48/4/@1.0-end,@start-1.5"
164,"[-2, -2, 2, 2, 2]","[-2, -2, 2, 2, 2]",Missa Ave Maria: Kyrie,Sup[erius],45,4.0,47,1.0,366.0,376.0,"[4.0, 1.0, 1.0, 3.0, 1.0, 2.0]","45-47/1/@4.0-end,@start-end,@start-1.0","https://ema.crimproject.org/https%3A%2F%2Fcrimproject.org%2Fmei%2FMEI_4.0/CRIM_Mass_0005_1.mei/45-47/1/@4.0-end,@start-end,@start-1.0"
165,"[-2, -2, 2, 2, 2]","[-2, -2, 2, 2, 2]",Missa Ave Maria: Kyrie,Sup[erius],52,4.0,54,1.0,422.0,432.0,"[4.0, 1.0, 1.0, 3.0, 1.0, 2.0]","52-54/1/@4.0-end,@start-end,@start-1.0","https://ema.crimproject.org/https%3A%2F%2Fcrimproject.org%2Fmei%2FMEI_4.0/CRIM_Mass_0005_1.mei/52-54/1/@4.0-end,@start-end,@start-1.0"
166,"[-2, -2, 2, 2, 2]","[-2, -2, 2, 2, 2]",Missa Ave Maria: Kyrie,Altus,37,4.0,38,4.0,302.0,310.0,"[4.0, 1.0, 1.0, 1.0, 1.0, 4.0]","37-38/2/@4.0-end,@start-4.0","https://ema.crimproject.org/https%3A%2F%2Fcrimproject.org%2Fmei%2FMEI_4.0/CRIM_Mass_0005_1.mei/37-38/2/@4.0-end,@start-4.0"
167,"[-2, -2, 2, 2, 2]","[-2, -2, 2, 2, 2]",Missa Ave Maria: Kyrie,Tenor,25,4.0,26,2.5,198.0,203.0,"[1.0, 1.0, 1.0, 1.0, 1.0, 1.0]","25-26/3/@4.0-end,@start-2.5","https://ema.crimproject.org/https%3A%2F%2Fcrimproject.org%2Fmei%2FMEI_4.0/CRIM_Mass_0005_1.mei/25-26/3/@4.0-end,@start-2.5"
168,"[-2, -2, 2, 2, 2]","[-2, -2, 2, 2, 2]",Missa Ave Maria: Kyrie,Bassus,41,4.0,42,4.0,334.0,342.0,"[4.0, 1.0, 1.0, 1.0, 1.0, 4.0]","41-42/4/@4.0-end,@start-4.0","https://ema.crimproject.org/https%3A%2F%2Fcrimproject.org%2Fmei%2FMEI_4.0/CRIM_Mass_0005_1.mei/41-42/4/@4.0-end,@start-4.0"
169,"[-2, -2, 2, 2, 2]","[-2, -2, 2, 2, 2]",Missa Ave Maria: Kyrie,Bassus,47,2.0,48,2.0,378.0,386.0,"[4.0, 1.0, 1.0, 1.0, 1.0, 4.0]","47-48/4/@2.0-end,@start-2.0","https://ema.crimproject.org/https%3A%2F%2Fcrimproject.org%2Fmei%2FMEI_4.0/CRIM_Mass_0005_1.mei/47-48/4/@2.0-end,@start-2.0"
170,"[-2, -2, 2, 2, 2]","[-2, -2, 2, 2, 2]",Missa Ave Maria: Kyrie,Bassus,85,4.0,86,2.5,694.0,699.0,"[1.0, 1.0, 1.0, 1.0, 1.0, 1.0]","85-86/4/@4.0-end,@start-2.5","https://ema.crimproject.org/https%3A%2F%2Fcrimproject.org%2Fmei%2FMEI_4.0/CRIM_Mass_0005_1.mei/85-86/4/@4.0-end,@start-2.5"
171,"[-2, 2, 2, 2, 2]","[-2, 2, 2, 2, 2]",Missa Ave Maria: Kyrie,Sup[erius],46,2.0,47,2.0,370.0,378.0,"[1.0, 1.0, 3.0, 1.0, 2.0, 4.0]","46-47/1/@2.0-end,@start-2.0","https://ema.crimproject.org/https%3A%2F%2Fcrimproject.org%2Fmei%2FMEI_4.0/CRIM_Mass_0005_1.mei/46-47/1/@2.0-end,@start-2.0"
172,"[-2, 2, 2, 2, 2]","[-2, 2, 2, 2, 2]",Missa Ave Maria: Kyrie,Sup[erius],53,2.0,54,2.0,426.0,434.0,"[1.0, 1.0, 3.0, 1.0, 2.0, 4.0]","53-54/1/@2.0-end,@start-2.0","https://ema.crimproject.org/https%3A%2F%2Fcrimproject.org%2Fmei%2FMEI_4.0/CRIM_Mass_0005_1.mei/53-54/1/@2.0-end,@start-2.0"
173,"[-2, 2, 2, 2, 2]","[-2, 2, 2, 2, 2]",Missa Ave Maria: Kyrie,Altus,55,1.0,55,4.0,440.0,446.0,"[2.0, 1.0, 1.0, 1.0, 1.0, 4.0]","55-55/2/@1.0-end,@start-4.0","https://ema.crimproject.org/https%3A%2F%2Fcrimproject.org%2Fmei%2FMEI_4.0/CRIM_Mass_0005_1.mei/55-55/2/@1.0-end,@start-4.0"
174,"[-2, 2, 2, 2, 2]","[-2, 2, 2, 2, 2]",Missa Ave Maria: Kyrie,Altus,78,3.0,79,4.0,636.0,646.0,"[4.0, 3.0, 1.0, 1.0, 1.0, 1.0]","78-79/2/@3.0-end,@start-4.0","https://ema.crimproject.org/https%3A%2F%2Fcrimproject.org%2Fmei%2FMEI_4.0/CRIM_Mass_0005_1.mei/78-79/2/@3.0-end,@start-4.0"
175,"[-2, 2, 2, 2, 2]","[-2, 2, 2, 2, 2]",Missa Ave Maria: Kyrie,Tenor,25,4.5,26,3.0,199.0,204.0,"[1.0, 1.0, 1.0, 1.0, 1.0, 2.0]","25-26/3/@4.5-end,@start-3.0","https://ema.crimproject.org/https%3A%2F%2Fcrimproject.org%2Fmei%2FMEI_4.0/CRIM_Mass_0005_1.mei/25-26/3/@4.5-end,@start-3.0"
176,"[-2, 2, 2, 2, 2]","[-2, 2, 2, 2, 2]",Missa Ave Maria: Kyrie,Bassus,74,3.0,75,4.0,604.0,614.0,"[4.0, 3.0, 1.0, 1.0, 1.0, 1.0]","74-75/4/@3.0-end,@start-4.0","https://ema.crimproject.org/https%3A%2F%2Fcrimproject.org%2Fmei%2FMEI_4.0/CRIM_Mass_0005_1.mei/74-75/4/@3.0-end,@start-4.0"
177,"[-2, 2, 2, 2, 2]","[-2, 2, 2, 2, 2]",Missa Ave Maria: Kyrie,Bassus,85,4.5,86,3.0,695.0,700.0,"[1.0, 1.0, 1.0, 1.0, 1.0, 3.0]","85-86/4/@4.5-end,@start-3.0","https://ema.crimproject.org/https%3A%2F%2Fcrimproject.org%2Fmei%2FMEI_4.0/CRIM_Mass_0005_1.mei/85-86/4/@4.5-end,@start-3.0"
178,"[2, 2, 2, 2, -2]","[2, 2, 2, 2, -2]",Missa Ave Maria: Kyrie,Sup[erius],46,2.5,47,4.0,371.0,382.0,"[1.0, 3.0, 1.0, 2.0, 4.0, 1.0]","46-47/1/@2.5-end,@start-4.0","https://ema.crimproject.org/https%3A%2F%2Fcrimproject.org%2Fmei%2FMEI_4.0/CRIM_Mass_0005_1.mei/46-47/1/@2.5-end,@start-4.0"
179,"[2, 2, 2, 2, -2]","[2, 2, 2, 2, -2]",Missa Ave Maria: Kyrie,Sup[erius],53,2.5,54,4.0,427.0,438.0,"[1.0, 3.0, 1.0, 2.0, 4.0, 1.0]","53-54/1/@2.5-end,@start-4.0","https://ema.crimproject.org/https%3A%2F%2Fcrimproject.org%2Fmei%2FMEI_4.0/CRIM_Mass_0005_1.mei/53-54/1/@2.5-end,@start-4.0"
180,"[2, 2, 2, 2, -2]","[2, 2, 2, 2, -2]",Missa Ave Maria: Kyrie,Sup[erius],77,3.5,78,2.0,629.0,634.0,"[1.0, 1.0, 1.0, 1.0, 1.0, 4.0]","77-78/1/@3.5-end,@start-2.0","https://ema.crimproject.org/https%3A%2F%2Fcrimproject.org%2Fmei%2FMEI_4.0/CRIM_Mass_0005_1.mei/77-78/1/@3.5-end,@start-2.0"
181,"[2, 2, 2, 2, -2]","[2, 2, 2, 2, -2]",Missa Ave Maria: Kyrie,Altus,55,2.0,56,2.0,442.0,450.0,"[1.0, 1.0, 1.0, 1.0, 4.0, 2.0]","55-56/2/@2.0-end,@start-2.0","https://ema.crimproject.org/https%3A%2F%2Fcrimproject.org%2Fmei%2FMEI_4.0/CRIM_Mass_0005_1.mei/55-56/2/@2.0-end,@start-2.0"
182,"[2, 2, 2, 2, -2]","[2, 2, 2, 2, -2]",Missa Ave Maria: Kyrie,Altus,79,2.5,80,1.0,643.0,648.0,"[1.0, 1.0, 1.0, 1.0, 1.0, 1.0]","79-80/2/@2.5-end,@start-1.0","https://ema.crimproject.org/https%3A%2F%2Fcrimproject.org%2Fmei%2FMEI_4.0/CRIM_Mass_0005_1.mei/79-80/2/@2.5-end,@start-1.0"
183,"[2, 2, 2, 2, -2]","[2, 2, 2, 2, -2]",Missa Ave Maria: Kyrie,Tenor,26,1.5,27,1.5,201.0,209.0,"[1.0, 1.0, 1.0, 2.0, 3.0, 1.0]","26-27/3/@1.5-end,@start-1.5","https://ema.crimproject.org/https%3A%2F%2Fcrimproject.org%2Fmei%2FMEI_4.0/CRIM_Mass_0005_1.mei/26-27/3/@1.5-end,@start-1.5"
184,"[2, 2, 2, 2, -2]","[2, 2, 2, 2, -2]",Missa Ave Maria: Kyrie,Bassus,75,2.5,76,1.0,611.0,616.0,"[1.0, 1.0, 1.0, 1.0, 1.0, 1.0]","75-76/4/@2.5-end,@start-1.0","https://ema.crimproject.org/https%3A%2F%2Fcrimproject.org%2Fmei%2FMEI_4.0/CRIM_Mass_0005_1.mei/75-76/4/@2.5-end,@start-1.0"
185,"[2, 2, 2, 2, -2]","[2, 2, 2, 2, -2]",Missa Ave Maria: Kyrie,Bassus,86,1.0,86,4.5,696.0,703.0,"[1.0, 1.0, 1.0, 1.0, 3.0, 1.0]","86-86/4/@1.0-end,@start-4.5","https://ema.crimproject.org/https%3A%2F%2Fcrimproject.org%2Fmei%2FMEI_4.0/CRIM_Mass_0005_1.mei/86-86/4/@1.0-end,@start-4.5"
186,"[2, -2, -2, 2, -2]","[2, -2, -2, 2, -2]",Missa Ave Maria: Kyrie,Sup[erius],47,1.0,48,2.5,376.0,387.0,"[2.0, 4.0, 1.0, 1.0, 3.0, 1.0]","47-48/1/@1.0-end,@start-2.5","https://ema.crimproject.org/https%3A%2F%2Fcrimproject.org%2Fmei%2FMEI_4.0/CRIM_Mass_0005_1.mei/47-48/1/@1.0-end,@start-2.5"
187,"[2, -2, -2, 2, -2]","[2, -2, -2, 2, -2]",Missa Ave Maria: Kyrie,Sup[erius],78,1.0,79,4.0,632.0,646.0,"[1.0, 1.0, 4.0, 2.0, 6.0, 1.0]","78-79/1/@1.0-end,@start-4.0","https://ema.crimproject.org/https%3A%2F%2Fcrimproject.org%2Fmei%2FMEI_4.0/CRIM_Mass_0005_1.mei/78-79/1/@1.0-end,@start-4.0"
188,"[2, -2, -2, 2, -2]","[2, -2, -2, 2, -2]",Missa Ave Maria: Kyrie,Sup[erius],78,4.0,80,1.5,638.0,649.0,"[2.0, 6.0, 1.0, 1.0, 1.0, 1.0]","78-80/1/@4.0-end,@start-end,@start-1.5","https://ema.crimproject.org/https%3A%2F%2Fcrimproject.org%2Fmei%2FMEI_4.0/CRIM_Mass_0005_1.mei/78-80/1/@4.0-end,@start-end,@start-1.5"
189,"[2, -2, -2, 2, -2]","[2, -2, -2, 2, -2]",Missa Ave Maria: Kyrie,Altus,39,2.0,40,1.5,314.0,321.0,"[2.0, 2.0, 1.0, 1.0, 1.0, 1.0]","39-40/2/@2.0-end,@start-1.5","https://ema.crimproject.org/https%3A%2F%2Fcrimproject.org%2Fmei%2FMEI_4.0/CRIM_Mass_0005_1.mei/39-40/2/@2.0-end,@start-1.5"
190,"[2, -2, -2, 2, -2]","[2, -2, -2, 2, -2]",Missa Ave Maria: Kyrie,Altus,48,4.0,49,4.0,390.0,398.0,"[2.0, 3.0, 1.0, 1.0, 1.0, 4.0]","48-49/2/@4.0-end,@start-4.0","https://ema.crimproject.org/https%3A%2F%2Fcrimproject.org%2Fmei%2FMEI_4.0/CRIM_Mass_0005_1.mei/48-49/2/@4.0-end,@start-4.0"
191,"[2, -2, -2, 2, -2]","[2, -2, -2, 2, -2]",Missa Ave Maria: Kyrie,Altus,80,4.0,82,1.5,654.0,665.0,"[2.0, 6.0, 1.0, 1.0, 1.0, 1.0]","80-82/2/@4.0-end,@start-end,@start-1.5","https://ema.crimproject.org/https%3A%2F%2Fcrimproject.org%2Fmei%2FMEI_4.0/CRIM_Mass_0005_1.mei/80-82/2/@4.0-end,@start-end,@start-1.5"
192,"[2, -2, -2, 2, -2]","[2, -2, -2, 2, -2]",Missa Ave Maria: Kyrie,Tenor,74,4.0,76,1.5,606.0,617.0,"[2.0, 6.0, 1.0, 1.0, 1.0, 1.0]","74-76/3/@4.0-end,@start-end,@start-1.5","https://ema.crimproject.org/https%3A%2F%2Fcrimproject.org%2Fmei%2FMEI_4.0/CRIM_Mass_0005_1.mei/74-76/3/@4.0-end,@start-end,@start-1.5"
193,"[2, -2, -2, 2, -2]","[2, -2, -2, 2, -2]",Missa Ave Maria: Kyrie,Bassus,43,2.0,44,1.5,346.0,353.0,"[2.0, 2.0, 1.0, 1.0, 1.0, 1.0]","43-44/4/@2.0-end,@start-1.5","https://ema.crimproject.org/https%3A%2F%2Fcrimproject.org%2Fmei%2FMEI_4.0/CRIM_Mass_0005_1.mei/43-44/4/@2.0-end,@start-1.5"
194,"[2, -2, -2, 2, -2]","[2, -2, -2, 2, -2]",Missa Ave Maria: Kyrie,Bassus,48,4.0,49,3.5,390.0,397.0,"[2.0, 2.0, 1.0, 1.0, 1.0, 1.0]","48-49/4/@4.0-end,@start-3.5","https://ema.crimproject.org/https%3A%2F%2Fcrimproject.org%2Fmei%2FMEI_4.0/CRIM_Mass_0005_1.mei/48-49/4/@4.0-end,@start-3.5"
195,"[-2, -2, 2, -2, -2]","[-2, -2, 2, -2, -2]",Missa Ave Maria: Kyrie,Sup[erius],47,2.0,48,3.0,378.0,388.0,"[4.0, 1.0, 1.0, 3.0, 1.0, 1.0]","47-48/1/@2.0-end,@start-3.0","https://ema.crimproject.org/https%3A%2F%2Fcrimproject.org%2Fmei%2FMEI_4.0/CRIM_Mass_0005_1.mei/47-48/1/@2.0-end,@start-3.0"
196,"[-2, -2, 2, -2, -2]","[-2, -2, 2, -2, -2]",Missa Ave Maria: Kyrie,Sup[erius],60,3.5,61,3.5,485.0,493.0,"[1.0, 1.0, 1.0, 2.0, 3.0, 1.0]","60-61/1/@3.5-end,@start-3.5","https://ema.crimproject.org/https%3A%2F%2Fcrimproject.org%2Fmei%2FMEI_4.0/CRIM_Mass_0005_1.mei/60-61/1/@3.5-end,@start-3.5"
197,"[-2, -2, 2, -2, -2]","[-2, -2, 2, -2, -2]",Missa Ave Maria: Kyrie,Sup[erius],62,4.5,63,4.5,503.0,511.0,"[1.0, 1.0, 1.0, 4.0, 1.0, 1.0]","62-63/1/@4.5-end,@start-4.5","https://ema.crimproject.org/https%3A%2F%2Fcrimproject.org%2Fmei%2FMEI_4.0/CRIM_Mass_0005_1.mei/62-63/1/@4.5-end,@start-4.5"
198,"[-2, -2, 2, -2, -2]","[-2, -2, 2, -2, -2]",Missa Ave Maria: Kyrie,Sup[erius],78,1.5,79,4.5,633.0,647.0,"[1.0, 4.0, 2.0, 6.0, 1.0, 1.0]","78-79/1/@1.5-end,@start-4.5","https://ema.crimproject.org/https%3A%2F%2Fcrimproject.org%2Fmei%2FMEI_4.0/CRIM_Mass_0005_1.mei/78-79/1/@1.5-end,@start-4.5"
199,"[-2, -2, 2, -2, -2]","[-2, -2, 2, -2, -2]",Missa Ave Maria: Kyrie,Sup[erius],79,1.0,80,2.0,640.0,650.0,"[6.0, 1.0, 1.0, 1.0, 1.0, 1.0]","79-80/1/@1.0-end,@start-2.0","https://ema.crimproject.org/https%3A%2F%2Fcrimproject.org%2Fmei%2FMEI_4.0/CRIM_Mass_0005_1.mei/79-80/1/@1.0-end,@start-2.0"
200,"[-2, -2, 2, -2, -2]","[-2, -2, 2, -2, -2]",Missa Ave Maria: Kyrie,Altus,22,4.0,23,4.5,174.0,183.0,"[1.0, 1.0, 2.0, 4.0, 1.0, 1.0]","22-23/2/@4.0-end,@start-4.5","https://ema.crimproject.org/https%3A%2F%2Fcrimproject.org%2Fmei%2FMEI_4.0/CRIM_Mass_0005_1.mei/22-23/2/@4.0-end,@start-4.5"
201,"[-2, -2, 2, -2, -2]","[-2, -2, 2, -2, -2]",Missa Ave Maria: Kyrie,Altus,39,3.0,40,2.0,316.0,322.0,"[2.0, 1.0, 1.0, 1.0, 1.0, 1.0]","39-40/2/@3.0-end,@start-2.0","https://ema.crimproject.org/https%3A%2F%2Fcrimproject.org%2Fmei%2FMEI_4.0/CRIM_Mass_0005_1.mei/39-40/2/@3.0-end,@start-2.0"
202,"[-2, -2, 2, -2, -2]","[-2, -2, 2, -2, -2]",Missa Ave Maria: Kyrie,Altus,49,1.0,50,2.0,392.0,402.0,"[3.0, 1.0, 1.0, 1.0, 4.0, 2.0]","49-50/2/@1.0-end,@start-2.0","https://ema.crimproject.org/https%3A%2F%2Fcrimproject.org%2Fmei%2FMEI_4.0/CRIM_Mass_0005_1.mei/49-50/2/@1.0-end,@start-2.0"
203,"[-2, -2, 2, -2, -2]","[-2, -2, 2, -2, -2]",Missa Ave Maria: Kyrie,Altus,57,3.5,58,4.0,461.0,470.0,"[1.0, 1.0, 1.0, 2.0, 4.0, 4.0]","57-58/2/@3.5-end,@start-4.0","https://ema.crimproject.org/https%3A%2F%2Fcrimproject.org%2Fmei%2FMEI_4.0/CRIM_Mass_0005_1.mei/57-58/2/@3.5-end,@start-4.0"
204,"[-2, -2, 2, -2, -2]","[-2, -2, 2, -2, -2]",Missa Ave Maria: Kyrie,Altus,81,1.0,82,2.0,656.0,666.0,"[6.0, 1.0, 1.0, 1.0, 1.0, 1.0]","81-82/2/@1.0-end,@start-2.0","https://ema.crimproject.org/https%3A%2F%2Fcrimproject.org%2Fmei%2FMEI_4.0/CRIM_Mass_0005_1.mei/81-82/2/@1.0-end,@start-2.0"
205,"[-2, -2, 2, -2, -2]","[-2, -2, 2, -2, -2]",Missa Ave Maria: Kyrie,Tenor,24,4.0,25,4.5,190.0,199.0,"[1.0, 1.0, 2.0, 4.0, 1.0, 1.0]","24-25/3/@4.0-end,@start-4.5","https://ema.crimproject.org/https%3A%2F%2Fcrimproject.org%2Fmei%2FMEI_4.0/CRIM_Mass_0005_1.mei/24-25/3/@4.0-end,@start-4.5"
206,"[-2, -2, 2, -2, -2]","[-2, -2, 2, -2, -2]",Missa Ave Maria: Kyrie,Tenor,60,1.5,60,4.5,481.0,487.0,"[1.0, 1.0, 1.0, 2.0, 1.0, 1.0]","60-60/3/@1.5-end,@start-4.5","https://ema.crimproject.org/https%3A%2F%2Fcrimproject.org%2Fmei%2FMEI_4.0/CRIM_Mass_0005_1.mei/60-60/3/@1.5-end,@start-4.5"
207,"[-2, -2, 2, -2, -2]","[-2, -2, 2, -2, -2]",Missa Ave Maria: Kyrie,Tenor,75,1.0,76,2.0,608.0,618.0,"[6.0, 1.0, 1.0, 1.0, 1.0, 1.0]","75-76/3/@1.0-end,@start-2.0","https://ema.crimproject.org/https%3A%2F%2Fcrimproject.org%2Fmei%2FMEI_4.0/CRIM_Mass_0005_1.mei/75-76/3/@1.0-end,@start-2.0"
208,"[-2, -2, 2, -2, -2]","[-2, -2, 2, -2, -2]",Missa Ave Maria: Kyrie,Bassus,12,4.5,14,1.0,95.0,104.0,"[1.0, 1.0, 1.0, 4.0, 2.0, 4.0]","12-14/4/@4.5-end,@start-end,@start-1.0","https://ema.crimproject.org/https%3A%2F%2Fcrimproject.org%2Fmei%2FMEI_4.0/CRIM_Mass_0005_1.mei/12-14/4/@4.5-end,@start-end,@start-1.0"
209,"[-2, -2, 2, -2, -2]","[-2, -2, 2, -2, -2]",Missa Ave Maria: Kyrie,Bassus,15,2.5,16,3.0,115.0,124.0,"[1.0, 1.0, 1.0, 4.0, 2.0, 4.0]","15-16/4/@2.5-end,@start-3.0","https://ema.crimproject.org/https%3A%2F%2Fcrimproject.org%2Fmei%2FMEI_4.0/CRIM_Mass_0005_1.mei/15-16/4/@2.5-end,@start-3.0"
210,"[-2, -2, 2, -2, -2]","[-2, -2, 2, -2, -2]",Missa Ave Maria: Kyrie,Bassus,43,3.0,44,2.0,348.0,354.0,"[2.0, 1.0, 1.0, 1.0, 1.0, 1.0]","43-44/4/@3.0-end,@start-2.0","https://ema.crimproject.org/https%3A%2F%2Fcrimproject.org%2Fmei%2FMEI_4.0/CRIM_Mass_0005_1.mei/43-44/4/@3.0-end,@start-2.0"
211,"[-2, -2, 2, -2, -2]","[-2, -2, 2, -2, -2]",Missa Ave Maria: Kyrie,Bassus,49,1.0,49,4.0,392.0,398.0,"[2.0, 1.0, 1.0, 1.0, 1.0, 1.0]","49-49/4/@1.0-end,@start-4.0","https://ema.crimproject.org/https%3A%2F%2Fcrimproject.org%2Fmei%2FMEI_4.0/CRIM_Mass_0005_1.mei/49-49/4/@1.0-end,@start-4.0"
212,"[-2, -2, 2, -2, -2]","[-2, -2, 2, -2, -2]",Missa Ave Maria: Kyrie,Bassus,62,4.5,63,4.5,503.0,511.0,"[1.0, 1.0, 1.0, 4.0, 1.0, 1.0]","62-63/4/@4.5-end,@start-4.5","https://ema.crimproject.org/https%3A%2F%2Fcrimproject.org%2Fmei%2FMEI_4.0/CRIM_Mass_0005_1.mei/62-63/4/@4.5-end,@start-4.5"
213,"[-2, -2, -2, 3, -2]","[-2, -2, -2, 3, -2]",Missa Ave Maria: Kyrie,Sup[erius],48,1.0,49,1.0,384.0,392.0,"[3.0, 1.0, 1.0, 1.0, 2.0, 2.0]","48-49/1/@1.0-end,@start-1.0","https://ema.crimproject.org/https%3A%2F%2Fcrimproject.org%2Fmei%2FMEI_4.0/CRIM_Mass_0005_1.mei/48-49/1/@1.0-end,@start-1.0"
214,"[-2, -2, -2, 3, -2]","[-2, -2, -2, 3, -2]",Missa Ave Maria: Kyrie,Altus,8,2.0,9,1.5,58.0,65.0,"[1.0, 1.0, 1.0, 1.0, 3.0, 1.0]","8-9/2/@2.0-end,@start-1.5","https://ema.crimproject.org/https%3A%2F%2Fcrimproject.org%2Fmei%2FMEI_4.0/CRIM_Mass_0005_1.mei/8-9/2/@2.0-end,@start-1.5"
215,"[-2, -2, -2, 3, -2]","[-2, -2, -2, 3, -2]",Missa Ave Maria: Kyrie,Bassus,25,2.0,26,3.5,194.0,205.0,"[4.0, 1.0, 1.0, 2.0, 3.0, 1.0]","25-26/4/@2.0-end,@start-3.5","https://ema.crimproject.org/https%3A%2F%2Fcrimproject.org%2Fmei%2FMEI_4.0/CRIM_Mass_0005_1.mei/25-26/4/@2.0-end,@start-3.5"
216,"[-2, -2, -2, 3, -2]","[-2, -2, -2, 3, -2]",Missa Ave Maria: Kyrie,Bassus,26,3.5,27,3.0,205.0,212.0,"[1.0, 1.0, 1.0, 2.0, 2.0, 4.0]","26-27/4/@3.5-end,@start-3.0","https://ema.crimproject.org/https%3A%2F%2Fcrimproject.org%2Fmei%2FMEI_4.0/CRIM_Mass_0005_1.mei/26-27/4/@3.5-end,@start-3.0"
217,"[-2, -2, 3, -2, -2]","[-2, -2, 3, -2, -2]",Missa Ave Maria: Kyrie,Sup[erius],48,2.5,49,2.0,387.0,394.0,"[1.0, 1.0, 1.0, 2.0, 2.0, 3.0]","48-49/1/@2.5-end,@start-2.0","https://ema.crimproject.org/https%3A%2F%2Fcrimproject.org%2Fmei%2FMEI_4.0/CRIM_Mass_0005_1.mei/48-49/1/@2.5-end,@start-2.0"
218,"[-2, -2, 3, -2, -2]","[-2, -2, 3, -2, -2]",Missa Ave Maria: Kyrie,Altus,8,2.5,9,2.0,59.0,66.0,"[1.0, 1.0, 1.0, 3.0, 1.0, 1.0]","8-9/2/@2.5-end,@start-2.0","https://ema.crimproject.org/https%3A%2F%2Fcrimproject.org%2Fmei%2FMEI_4.0/CRIM_Mass_0005_1.mei/8-9/2/@2.5-end,@start-2.0"
219,"[-2, -2, 3, -2, -2]","[-2, -2, 3, -2, -2]",Missa Ave Maria: Kyrie,Bassus,25,4.0,26,4.0,198.0,206.0,"[1.0, 1.0, 2.0, 3.0, 1.0, 1.0]","25-26/4/@4.0-end,@start-4.0","https://ema.crimproject.org/https%3A%2F%2Fcrimproject.org%2Fmei%2FMEI_4.0/CRIM_Mass_0005_1.mei/25-26/4/@4.0-end,@start-4.0"
220,"[-2, -2, 3, -2, -2]","[-2, -2, 3, -2, -2]",Missa Ave Maria: Kyrie,Bassus,26,4.0,28,1.0,206.0,216.0,"[1.0, 1.0, 2.0, 2.0, 4.0, 16.0]","26-28/4/@4.0-end,@start-end,@start-1.0","https://ema.crimproject.org/https%3A%2F%2Fcrimproject.org%2Fmei%2FMEI_4.0/CRIM_Mass_0005_1.mei/26-28/4/@4.0-end,@start-end,@start-1.0"
221,"[-2, 3, -2, -2, -2]","[-2, 3, -2, -2, -2]",Missa Ave Maria: Kyrie,Sup[erius],48,3.0,49,3.5,388.0,397.0,"[1.0, 1.0, 2.0, 2.0, 3.0, 1.0]","48-49/1/@3.0-end,@start-3.5","https://ema.crimproject.org/https%3A%2F%2Fcrimproject.org%2Fmei%2FMEI_4.0/CRIM_Mass_0005_1.mei/48-49/1/@3.0-end,@start-3.5"
222,"[-2, 3, -2, -2, -2]","[-2, 3, -2, -2, -2]",Missa Ave Maria: Kyrie,Altus,8,3.0,9,2.5,60.0,67.0,"[1.0, 1.0, 3.0, 1.0, 1.0, 1.0]","8-9/2/@3.0-end,@start-2.5","https://ema.crimproject.org/https%3A%2F%2Fcrimproject.org%2Fmei%2FMEI_4.0/CRIM_Mass_0005_1.mei/8-9/2/@3.0-end,@start-2.5"
223,"[-2, 3, -2, -2, -2]","[-2, 3, -2, -2, -2]",Missa Ave Maria: Kyrie,Bassus,25,4.5,26,4.5,199.0,207.0,"[1.0, 2.0, 3.0, 1.0, 1.0, 1.0]","25-26/4/@4.5-end,@start-4.5","https://ema.crimproject.org/https%3A%2F%2Fcrimproject.org%2Fmei%2FMEI_4.0/CRIM_Mass_0005_1.mei/25-26/4/@4.5-end,@start-4.5"
224,"[1, 2, 2, -3, 3]","[1, 2, 2, -3, 3]",Missa Ave Maria: Kyrie,Sup[erius],69,1.0,71,4.0,560.0,582.0,"[8.0, 4.0, 4.0, 4.0, 2.0, 3.0]","69-71/1/@1.0-end,@start-end,@start-4.0","https://ema.crimproject.org/https%3A%2F%2Fcrimproject.org%2Fmei%2FMEI_4.0/CRIM_Mass_0005_1.mei/69-71/1/@1.0-end,@start-end,@start-4.0"
225,"[1, 2, 2, -3, 3]","[1, 2, 2, -3, 3]",Missa Ave Maria: Kyrie,Altus,65,1.0,67,4.0,528.0,550.0,"[8.0, 4.0, 4.0, 4.0, 2.0, 3.0]","65-67/2/@1.0-end,@start-end,@start-4.0","https://ema.crimproject.org/https%3A%2F%2Fcrimproject.org%2Fmei%2FMEI_4.0/CRIM_Mass_0005_1.mei/65-67/2/@1.0-end,@start-end,@start-4.0"
226,"[1, 2, 2, -3, 3]","[1, 2, 2, -3, 3]",Missa Ave Maria: Kyrie,Tenor,71,1.0,73,4.0,576.0,598.0,"[8.0, 4.0, 4.0, 4.0, 2.0, 3.0]","71-73/3/@1.0-end,@start-end,@start-4.0","https://ema.crimproject.org/https%3A%2F%2Fcrimproject.org%2Fmei%2FMEI_4.0/CRIM_Mass_0005_1.mei/71-73/3/@1.0-end,@start-end,@start-4.0"
227,"[1, 2, 2, -3, 3]","[1, 2, 2, -3, 3]",Missa Ave Maria: Kyrie,Bassus,67,1.0,69,4.0,544.0,566.0,"[8.0, 4.0, 4.0, 4.0, 2.0, 3.0]","67-69/4/@1.0-end,@start-end,@start-4.0","https://ema.crimproject.org/https%3A%2F%2Fcrimproject.org%2Fmei%2FMEI_4.0/CRIM_Mass_0005_1.mei/67-69/4/@1.0-end,@start-end,@start-4.0"
228,"[2, 2, -3, 3, -2]","[2, 2, -3, 3, -2]",Missa Ave Maria: Kyrie,Sup[erius],70,1.0,72,1.5,568.0,585.0,"[4.0, 4.0, 4.0, 2.0, 3.0, 1.0]","70-72/1/@1.0-end,@start-end,@start-1.5","https://ema.crimproject.org/https%3A%2F%2Fcrimproject.org%2Fmei%2FMEI_4.0/CRIM_Mass_0005_1.mei/70-72/1/@1.0-end,@start-end,@start-1.5"
229,"[2, 2, -3, 3, -2]","[2, 2, -3, 3, -2]",Missa Ave Maria: Kyrie,Altus,66,1.0,68,1.5,536.0,553.0,"[4.0, 4.0, 4.0, 2.0, 3.0, 1.0]","66-68/2/@1.0-end,@start-end,@start-1.5","https://ema.crimproject.org/https%3A%2F%2Fcrimproject.org%2Fmei%2FMEI_4.0/CRIM_Mass_0005_1.mei/66-68/2/@1.0-end,@start-end,@start-1.5"
230,"[2, 2, -3, 3, -2]","[2, 2, -3, 3, -2]",Missa Ave Maria: Kyrie,Tenor,72,1.0,74,1.5,584.0,601.0,"[4.0, 4.0, 4.0, 2.0, 3.0, 1.0]","72-74/3/@1.0-end,@start-end,@start-1.5","https://ema.crimproject.org/https%3A%2F%2Fcrimproject.org%2Fmei%2FMEI_4.0/CRIM_Mass_0005_1.mei/72-74/3/@1.0-end,@start-end,@start-1.5"
231,"[2, 2, -3, 3, -2]","[2, 2, -3, 3, -2]",Missa Ave Maria: Kyrie,Bassus,68,1.0,70,1.5,552.0,569.0,"[4.0, 4.0, 4.0, 2.0, 3.0, 1.0]","68-70/4/@1.0-end,@start-end,@start-1.5","https://ema.crimproject.org/https%3A%2F%2Fcrimproject.org%2Fmei%2FMEI_4.0/CRIM_Mass_0005_1.mei/68-70/4/@1.0-end,@start-end,@start-1.5"
232,"[2, -3, 3, -2, 4]","[2, -3, 3, -2, 4]",Missa Ave Maria: Kyrie,Sup[erius],70,3.0,72,2.0,572.0,586.0,"[4.0, 4.0, 2.0, 3.0, 1.0, 4.0]","70-72/1/@3.0-end,@start-end,@start-2.0","https://ema.crimproject.org/https%3A%2F%2Fcrimproject.org%2Fmei%2FMEI_4.0/CRIM_Mass_0005_1.mei/70-72/1/@3.0-end,@start-end,@start-2.0"
233,"[2, -3, 3, -2, 4]","[2, -3, 3, -2, 4]",Missa Ave Maria: Kyrie,Altus,66,3.0,68,2.0,540.0,554.0,"[4.0, 4.0, 2.0, 3.0, 1.0, 4.0]","66-68/2/@3.0-end,@start-end,@start-2.0","https://ema.crimproject.org/https%3A%2F%2Fcrimproject.org%2Fmei%2FMEI_4.0/CRIM_Mass_0005_1.mei/66-68/2/@3.0-end,@start-end,@start-2.0"
234,"[2, -3, 3, -2, 4]","[2, -3, 3, -2, 4]",Missa Ave Maria: Kyrie,Tenor,72,3.0,74,2.0,588.0,602.0,"[4.0, 4.0, 2.0, 3.0, 1.0, 4.0]","72-74/3/@3.0-end,@start-end,@start-2.0","https://ema.crimproject.org/https%3A%2F%2Fcrimproject.org%2Fmei%2FMEI_4.0/CRIM_Mass_0005_1.mei/72-74/3/@3.0-end,@start-end,@start-2.0"
235,"[2, -3, 3, -2, 4]","[2, -3, 3, -2, 4]",Missa Ave Maria: Kyrie,Bassus,68,3.0,70,2.0,556.0,570.0,"[4.0, 4.0, 2.0, 3.0, 1.0, 4.0]","68-70/4/@3.0-end,@start-end,@start-2.0","https://ema.crimproject.org/https%3A%2F%2Fcrimproject.org%2Fmei%2FMEI_4.0/CRIM_Mass_0005_1.mei/68-70/4/@3.0-end,@start-end,@start-2.0"
236,"[-3, 3, -2, 4, -2]","[-3, 3, -2, 4, -2]",Missa Ave Maria: Kyrie,Sup[erius],71,1.0,72,4.0,576.0,590.0,"[4.0, 2.0, 3.0, 1.0, 4.0, 2.0]","71-72/1/@1.0-end,@start-4.0","https://ema.crimproject.org/https%3A%2F%2Fcrimproject.org%2Fmei%2FMEI_4.0/CRIM_Mass_0005_1.mei/71-72/1/@1.0-end,@start-4.0"
237,"[-3, 3, -2, 4, -2]","[-3, 3, -2, 4, -2]",Missa Ave Maria: Kyrie,Altus,67,1.0,68,4.0,544.0,558.0,"[4.0, 2.0, 3.0, 1.0, 4.0, 2.0]","67-68/2/@1.0-end,@start-4.0","https://ema.crimproject.org/https%3A%2F%2Fcrimproject.org%2Fmei%2FMEI_4.0/CRIM_Mass_0005_1.mei/67-68/2/@1.0-end,@start-4.0"
238,"[-3, 3, -2, 4, -2]","[-3, 3, -2, 4, -2]",Missa Ave Maria: Kyrie,Tenor,73,1.0,74,4.0,592.0,606.0,"[4.0, 2.0, 3.0, 1.0, 4.0, 2.0]","73-74/3/@1.0-end,@start-4.0","https://ema.crimproject.org/https%3A%2F%2Fcrimproject.org%2Fmei%2FMEI_4.0/CRIM_Mass_0005_1.mei/73-74/3/@1.0-end,@start-4.0"
239,"[-3, 3, -2, 4, -2]","[-3, 3, -2, 4, -2]",Missa Ave Maria: Kyrie,Bassus,69,1.0,70,4.0,560.0,574.0,"[4.0, 2.0, 3.0, 1.0, 4.0, 2.0]","69-70/4/@1.0-end,@start-4.0","https://ema.crimproject.org/https%3A%2F%2Fcrimproject.org%2Fmei%2FMEI_4.0/CRIM_Mass_0005_1.mei/69-70/4/@1.0-end,@start-4.0"
240,"[3, -2, 4, -2, 2]","[3, -2, 4, -2, 2]",Missa Ave Maria: Kyrie,Sup[erius],71,3.0,73,1.0,580.0,592.0,"[2.0, 3.0, 1.0, 4.0, 2.0, 8.0]","71-73/1/@3.0-end,@start-end,@start-1.0","https://ema.crimproject.org/https%3A%2F%2Fcrimproject.org%2Fmei%2FMEI_4.0/CRIM_Mass_0005_1.mei/71-73/1/@3.0-end,@start-end,@start-1.0"
241,"[3, -2, 4, -2, 2]","[3, -2, 4, -2, 2]",Missa Ave Maria: Kyrie,Altus,67,3.0,69,1.0,548.0,560.0,"[2.0, 3.0, 1.0, 4.0, 2.0, 8.0]","67-69/2/@3.0-end,@start-end,@start-1.0","https://ema.crimproject.org/https%3A%2F%2Fcrimproject.org%2Fmei%2FMEI_4.0/CRIM_Mass_0005_1.mei/67-69/2/@3.0-end,@start-end,@start-1.0"
242,"[3, -2, 4, -2, 2]","[3, -2, 4, -2, 2]",Missa Ave Maria: Kyrie,Tenor,73,3.0,75,1.0,596.0,608.0,"[2.0, 3.0, 1.0, 4.0, 2.0, 6.0]","73-75/3/@3.0-end,@start-end,@start-1.0","https://ema.crimproject.org/https%3A%2F%2Fcrimproject.org%2Fmei%2FMEI_4.0/CRIM_Mass_0005_1.mei/73-75/3/@3.0-end,@start-end,@start-1.0"
243,"[3, -2, 4, -2, 2]","[3, -2, 4, -2, 2]",Missa Ave Maria: Kyrie,Bassus,69,3.0,71,1.0,564.0,576.0,"[2.0, 3.0, 1.0, 4.0, 2.0, 8.0]","69-71/4/@3.0-end,@start-end,@start-1.0","https://ema.crimproject.org/https%3A%2F%2Fcrimproject.org%2Fmei%2FMEI_4.0/CRIM_Mass_0005_1.mei/69-71/4/@3.0-end,@start-end,@start-1.0"
244,"[2, 2, 2, 2, 2]","[2, 2, 2, 2, 2]",Missa Ave Maria: Kyrie,Sup[erius],77,3.0,78,1.5,628.0,633.0,"[1.0, 1.0, 1.0, 1.0, 1.0, 1.0]","77-78/1/@3.0-end,@start-1.5","https://ema.crimproject.org/https%3A%2F%2Fcrimproject.org%2Fmei%2FMEI_4.0/CRIM_Mass_0005_1.mei/77-78/1/@3.0-end,@start-1.5"
245,"[2, 2, 2, 2, 2]","[2, 2, 2, 2, 2]",Missa Ave Maria: Kyrie,Altus,79,1.0,79,4.5,640.0,647.0,"[3.0, 1.0, 1.0, 1.0, 1.0, 1.0]","79-79/2/@1.0-end,@start-4.5","https://ema.crimproject.org/https%3A%2F%2Fcrimproject.org%2Fmei%2FMEI_4.0/CRIM_Mass_0005_1.mei/79-79/2/@1.0-end,@start-4.5"
246,"[2, 2, 2, 2, 2]","[2, 2, 2, 2, 2]",Missa Ave Maria: Kyrie,Tenor,26,1.0,26,4.0,200.0,206.0,"[1.0, 1.0, 1.0, 1.0, 2.0, 3.0]","26-26/3/@1.0-end,@start-4.0","https://ema.crimproject.org/https%3A%2F%2Fcrimproject.org%2Fmei%2FMEI_4.0/CRIM_Mass_0005_1.mei/26-26/3/@1.0-end,@start-4.0"
247,"[2, 2, 2, 2, 2]","[2, 2, 2, 2, 2]",Missa Ave Maria: Kyrie,Bassus,75,1.0,75,4.5,608.0,615.0,"[3.0, 1.0, 1.0, 1.0, 1.0, 1.0]","75-75/4/@1.0-end,@start-4.5","https://ema.crimproject.org/https%3A%2F%2Fcrimproject.org%2Fmei%2FMEI_4.0/CRIM_Mass_0005_1.mei/75-75/4/@1.0-end,@start-4.5"
248,"[-2, 2, -2, -2, 2]","[-2, 2, -2, -2, 2]",Missa Ave Maria: Kyrie,Sup[erius],78,2.0,80,1.0,634.0,648.0,"[4.0, 2.0, 6.0, 1.0, 1.0, 1.0]","78-80/1/@2.0-end,@start-end,@start-1.0","https://ema.crimproject.org/https%3A%2F%2Fcrimproject.org%2Fmei%2FMEI_4.0/CRIM_Mass_0005_1.mei/78-80/1/@2.0-end,@start-end,@start-1.0"
249,"[-2, 2, -2, -2, 2]","[-2, 2, -2, -2, 2]",Missa Ave Maria: Kyrie,Altus,38,4.0,40,1.0,310.0,320.0,"[4.0, 2.0, 2.0, 1.0, 1.0, 1.0]","38-40/2/@4.0-end,@start-end,@start-1.0","https://ema.crimproject.org/https%3A%2F%2Fcrimproject.org%2Fmei%2FMEI_4.0/CRIM_Mass_0005_1.mei/38-40/2/@4.0-end,@start-end,@start-1.0"
250,"[-2, 2, -2, -2, 2]","[-2, 2, -2, -2, 2]",Missa Ave Maria: Kyrie,Altus,48,2.0,49,3.5,386.0,397.0,"[4.0, 2.0, 3.0, 1.0, 1.0, 1.0]","48-49/2/@2.0-end,@start-3.5","https://ema.crimproject.org/https%3A%2F%2Fcrimproject.org%2Fmei%2FMEI_4.0/CRIM_Mass_0005_1.mei/48-49/2/@2.0-end,@start-3.5"
251,"[-2, 2, -2, -2, 2]","[-2, 2, -2, -2, 2]",Missa Ave Maria: Kyrie,Altus,49,2.5,50,3.0,395.0,404.0,"[1.0, 1.0, 1.0, 4.0, 2.0, 4.0]","49-50/2/@2.5-end,@start-3.0","https://ema.crimproject.org/https%3A%2F%2Fcrimproject.org%2Fmei%2FMEI_4.0/CRIM_Mass_0005_1.mei/49-50/2/@2.5-end,@start-3.0"
252,"[-2, 2, -2, -2, 2]","[-2, 2, -2, -2, 2]",Missa Ave Maria: Kyrie,Altus,80,2.0,82,1.0,650.0,664.0,"[4.0, 2.0, 6.0, 1.0, 1.0, 1.0]","80-82/2/@2.0-end,@start-end,@start-1.0","https://ema.crimproject.org/https%3A%2F%2Fcrimproject.org%2Fmei%2FMEI_4.0/CRIM_Mass_0005_1.mei/80-82/2/@2.0-end,@start-end,@start-1.0"
253,"[-2, 2, -2, -2, 2]","[-2, 2, -2, -2, 2]",Missa Ave Maria: Kyrie,Tenor,74,2.0,76,1.0,602.0,616.0,"[4.0, 2.0, 6.0, 1.0, 1.0, 1.0]","74-76/3/@2.0-end,@start-end,@start-1.0","https://ema.crimproject.org/https%3A%2F%2Fcrimproject.org%2Fmei%2FMEI_4.0/CRIM_Mass_0005_1.mei/74-76/3/@2.0-end,@start-end,@start-1.0"
254,"[-2, 2, -2, -2, 2]","[-2, 2, -2, -2, 2]",Missa Ave Maria: Kyrie,Bassus,42,4.0,44,1.0,342.0,352.0,"[4.0, 2.0, 2.0, 1.0, 1.0, 1.0]","42-44/4/@4.0-end,@start-end,@start-1.0","https://ema.crimproject.org/https%3A%2F%2Fcrimproject.org%2Fmei%2FMEI_4.0/CRIM_Mass_0005_1.mei/42-44/4/@4.0-end,@start-end,@start-1.0"
255,"[-2, 2, -2, -2, 2]","[-2, 2, -2, -2, 2]",Missa Ave Maria: Kyrie,Bassus,48,2.0,49,3.0,386.0,396.0,"[4.0, 2.0, 2.0, 1.0, 1.0, 1.0]","48-49/4/@2.0-end,@start-3.0","https://ema.crimproject.org/https%3A%2F%2Fcrimproject.org%2Fmei%2FMEI_4.0/CRIM_Mass_0005_1.mei/48-49/4/@2.0-end,@start-3.0"
256,"[-3, -2, 4, 2, 2]","[-3, -2, 4, 2, 2]",Missa Ave Maria: Kyrie,Sup[erius],91,1.0,94,1.0,736.0,760.0,"[8.0, 4.0, 4.0, 4.0, 4.0, 4.0]","91-94/1/@1.0-end,@start-end,@start-end,@start-1.0","https://ema.crimproject.org/https%3A%2F%2Fcrimproject.org%2Fmei%2FMEI_4.0/CRIM_Mass_0005_1.mei/91-94/1/@1.0-end,@start-end,@start-end,@start-1.0"
257,"[-3, -2, 4, 2, 2]","[-3, -2, 4, 2, 2]",Missa Ave Maria: Kyrie,Altus,88,3.0,91,3.0,716.0,740.0,"[8.0, 4.0, 4.0, 6.0, 2.0, 2.0]","88-91/2/@3.0-end,@start-end,@start-end,@start-3.0","https://ema.crimproject.org/https%3A%2F%2Fcrimproject.org%2Fmei%2FMEI_4.0/CRIM_Mass_0005_1.mei/88-91/2/@3.0-end,@start-end,@start-end,@start-3.0"
258,"[-3, -2, 4, 2, 2]","[-3, -2, 4, 2, 2]",Missa Ave Maria: Kyrie,Tenor,83,1.0,86,1.0,672.0,696.0,"[8.0, 4.0, 4.0, 4.0, 4.0, 4.0]","83-86/3/@1.0-end,@start-end,@start-end,@start-1.0","https://ema.crimproject.org/https%3A%2F%2Fcrimproject.org%2Fmei%2FMEI_4.0/CRIM_Mass_0005_1.mei/83-86/3/@1.0-end,@start-end,@start-end,@start-1.0"
259,"[-3, -2, 4, 2, 2]","[-3, -2, 4, 2, 2]",Missa Ave Maria: Kyrie,Tenor,89,3.0,92,3.0,724.0,748.0,"[8.0, 4.0, 4.0, 4.0, 4.0, 3.0]","89-92/3/@3.0-end,@start-end,@start-end,@start-3.0","https://ema.crimproject.org/https%3A%2F%2Fcrimproject.org%2Fmei%2FMEI_4.0/CRIM_Mass_0005_1.mei/89-92/3/@3.0-end,@start-end,@start-end,@start-3.0"
260,"[5, -3, 2, -3, -2]","[5, -3, 2, -3, -2]",Missa Ave Maria: Kyrie,Altus,29,3.0,31,1.0,228.0,240.0,"[2.0, 2.0, 2.0, 2.0, 4.0, 8.0]","29-31/2/@3.0-end,@start-end,@start-1.0","https://ema.crimproject.org/https%3A%2F%2Fcrimproject.org%2Fmei%2FMEI_4.0/CRIM_Mass_0005_1.mei/29-31/2/@3.0-end,@start-end,@start-1.0"
261,"[5, -3, 2, -3, -2]","[5, -3, 2, -3, -2]",Missa Ave Maria: Kyrie,Tenor,60,4.5,62,3.0,487.0,500.0,"[1.0, 4.0, 2.0, 2.0, 4.0, 8.0]","60-62/3/@4.5-end,@start-end,@start-3.0","https://ema.crimproject.org/https%3A%2F%2Fcrimproject.org%2Fmei%2FMEI_4.0/CRIM_Mass_0005_1.mei/60-62/3/@4.5-end,@start-end,@start-3.0"
262,"[5, -3, 2, -3, -2]","[5, -3, 2, -3, -2]",Missa Ave Maria: Kyrie,Bassus,57,4.0,59,3.0,462.0,476.0,"[2.0, 4.0, 2.0, 2.0, 4.0, 12.0]","57-59/4/@4.0-end,@start-end,@start-3.0","https://ema.crimproject.org/https%3A%2F%2Fcrimproject.org%2Fmei%2FMEI_4.0/CRIM_Mass_0005_1.mei/57-59/4/@4.0-end,@start-end,@start-3.0"
263,"[2, 2, -2, 2, -2]","[2, 2, -2, 2, -2]",Missa Ave Maria: Kyrie,Altus,38,3.0,39,4.0,308.0,318.0,"[1.0, 1.0, 4.0, 2.0, 2.0, 1.0]","38-39/2/@3.0-end,@start-4.0","https://ema.crimproject.org/https%3A%2F%2Fcrimproject.org%2Fmei%2FMEI_4.0/CRIM_Mass_0005_1.mei/38-39/2/@3.0-end,@start-4.0"
264,"[2, 2, -2, 2, -2]","[2, 2, -2, 2, -2]",Missa Ave Maria: Kyrie,Bassus,42,3.0,43,4.0,340.0,350.0,"[1.0, 1.0, 4.0, 2.0, 2.0, 1.0]","42-43/4/@3.0-end,@start-4.0","https://ema.crimproject.org/https%3A%2F%2Fcrimproject.org%2Fmei%2FMEI_4.0/CRIM_Mass_0005_1.mei/42-43/4/@3.0-end,@start-4.0"
265,"[2, 2, -2, 2, -2]","[2, 2, -2, 2, -2]",Missa Ave Maria: Kyrie,Bassus,48,1.0,49,2.0,384.0,394.0,"[1.0, 1.0, 4.0, 2.0, 2.0, 1.0]","48-49/4/@1.0-end,@start-2.0","https://ema.crimproject.org/https%3A%2F%2Fcrimproject.org%2Fmei%2FMEI_4.0/CRIM_Mass_0005_1.mei/48-49/4/@1.0-end,@start-2.0"
266,"[-2, -2, -2, 2, -3]","[-2, -2, -2, 2, -3]",Missa Ave Maria: Kyrie,Altus,45,2.0,46,2.0,362.0,370.0,"[3.0, 1.0, 1.0, 1.0, 2.0, 2.0]","45-46/2/@2.0-end,@start-2.0","https://ema.crimproject.org/https%3A%2F%2Fcrimproject.org%2Fmei%2FMEI_4.0/CRIM_Mass_0005_1.mei/45-46/2/@2.0-end,@start-2.0"
267,"[-2, -2, -2, 2, -3]","[-2, -2, -2, 2, -3]",Missa Ave Maria: Kyrie,Altus,52,2.0,53,2.0,418.0,426.0,"[3.0, 1.0, 1.0, 1.0, 2.0, 2.0]","52-53/2/@2.0-end,@start-2.0","https://ema.crimproject.org/https%3A%2F%2Fcrimproject.org%2Fmei%2FMEI_4.0/CRIM_Mass_0005_1.mei/52-53/2/@2.0-end,@start-2.0"
268,"[-2, -2, -2, 2, -3]","[-2, -2, -2, 2, -3]",Missa Ave Maria: Kyrie,Altus,60,1.0,61,1.0,480.0,488.0,"[3.0, 1.0, 1.0, 1.0, 2.0, 3.0]","60-61/2/@1.0-end,@start-1.0","https://ema.crimproject.org/https%3A%2F%2Fcrimproject.org%2Fmei%2FMEI_4.0/CRIM_Mass_0005_1.mei/60-61/2/@1.0-end,@start-1.0"
269,"[-2, -2, -2, 2, -3]","[-2, -2, -2, 2, -3]",Missa Ave Maria: Kyrie,Bassus,50,4.0,51,4.0,406.0,414.0,"[3.0, 1.0, 1.0, 1.0, 2.0, 2.0]","50-51/4/@4.0-end,@start-4.0","https://ema.crimproject.org/https%3A%2F%2Fcrimproject.org%2Fmei%2FMEI_4.0/CRIM_Mass_0005_1.mei/50-51/4/@4.0-end,@start-4.0"
270,"[-2, -2, -2, 2, -3]","[-2, -2, -2, 2, -3]",Missa Ave Maria: Kyrie,Bassus,56,4.0,57,4.0,454.0,462.0,"[3.0, 1.0, 1.0, 1.0, 2.0, 2.0]","56-57/4/@4.0-end,@start-4.0","https://ema.crimproject.org/https%3A%2F%2Fcrimproject.org%2Fmei%2FMEI_4.0/CRIM_Mass_0005_1.mei/56-57/4/@4.0-end,@start-4.0"
271,"[-3, -2, 2, 2, 2]","[-3, -2, 2, 2, 2]",Missa Ave Maria: Kyrie,Altus,54,4.0,55,3.5,438.0,445.0,"[2.0, 2.0, 1.0, 1.0, 1.0, 1.0]","54-55/2/@4.0-end,@start-3.5","https://ema.crimproject.org/https%3A%2F%2Fcrimproject.org%2Fmei%2FMEI_4.0/CRIM_Mass_0005_1.mei/54-55/2/@4.0-end,@start-3.5"
272,"[-3, -2, 2, 2, 2]","[-3, -2, 2, 2, 2]",Missa Ave Maria: Kyrie,Altus,78,1.0,79,3.5,632.0,645.0,"[4.0, 4.0, 3.0, 1.0, 1.0, 1.0]","78-79/2/@1.0-end,@start-3.5","https://ema.crimproject.org/https%3A%2F%2Fcrimproject.org%2Fmei%2FMEI_4.0/CRIM_Mass_0005_1.mei/78-79/2/@1.0-end,@start-3.5"
273,"[-3, -2, 2, 2, 2]","[-3, -2, 2, 2, 2]",Missa Ave Maria: Kyrie,Bassus,74,1.0,75,3.5,600.0,613.0,"[4.0, 4.0, 3.0, 1.0, 1.0, 1.0]","74-75/4/@1.0-end,@start-3.5","https://ema.crimproject.org/https%3A%2F%2Fcrimproject.org%2Fmei%2FMEI_4.0/CRIM_Mass_0005_1.mei/74-75/4/@1.0-end,@start-3.5"
274,"[-2, -2, -2, -2, -2]","[-2, -2, -2, -2, -2]",Missa Ave Maria: Kyrie,Altus,73,2.0,74,2.0,594.0,602.0,"[4.0, 1.0, 1.0, 1.0, 1.0, 1.0]","73-74/2/@2.0-end,@start-2.0","https://ema.crimproject.org/https%3A%2F%2Fcrimproject.org%2Fmei%2FMEI_4.0/CRIM_Mass_0005_1.mei/73-74/2/@2.0-end,@start-2.0"
275,"[-2, -2, -2, -2, -2]","[-2, -2, -2, -2, -2]",Missa Ave Maria: Kyrie,Altus,73,4.0,74,2.5,598.0,603.0,"[1.0, 1.0, 1.0, 1.0, 1.0, 1.0]","73-74/2/@4.0-end,@start-2.5","https://ema.crimproject.org/https%3A%2F%2Fcrimproject.org%2Fmei%2FMEI_4.0/CRIM_Mass_0005_1.mei/73-74/2/@4.0-end,@start-2.5"
276,"[-2, -2, -2, -2, -2]","[-2, -2, -2, -2, -2]",Missa Ave Maria: Kyrie,Altus,73,4.5,74,3.0,599.0,604.0,"[1.0, 1.0, 1.0, 1.0, 1.0, 4.0]","73-74/2/@4.5-end,@start-3.0","https://ema.crimproject.org/https%3A%2F%2Fcrimproject.org%2Fmei%2FMEI_4.0/CRIM_Mass_0005_1.mei/73-74/2/@4.5-end,@start-3.0"
277,"[-2, -2, -2, -2, -2]","[-2, -2, -2, -2, -2]",Missa Ave Maria: Kyrie,Bassus,31,1.0,32,2.0,240.0,250.0,"[3.0, 1.0, 2.0, 2.0, 2.0, 2.0]","31-32/4/@1.0-end,@start-2.0","https://ema.crimproject.org/https%3A%2F%2Fcrimproject.org%2Fmei%2FMEI_4.0/CRIM_Mass_0005_1.mei/31-32/4/@1.0-end,@start-2.0"
278,"[-2, -2, -2, -2, -2]","[-2, -2, -2, -2, -2]",Missa Ave Maria: Kyrie,Bassus,31,2.5,32,3.0,243.0,252.0,"[1.0, 2.0, 2.0, 2.0, 2.0, 2.0]","31-32/4/@2.5-end,@start-3.0","https://ema.crimproject.org/https%3A%2F%2Fcrimproject.org%2Fmei%2FMEI_4.0/CRIM_Mass_0005_1.mei/31-32/4/@2.5-end,@start-3.0"
279,"[-2, -2, -2, -2, -2]","[-2, -2, -2, -2, -2]",Missa Ave Maria: Kyrie,Bassus,83,2.0,84,3.0,674.0,684.0,"[3.0, 1.0, 4.0, 1.0, 1.0, 1.0]","83-84/4/@2.0-end,@start-3.0","https://ema.crimproject.org/https%3A%2F%2Fcrimproject.org%2Fmei%2FMEI_4.0/CRIM_Mass_0005_1.mei/83-84/4/@2.0-end,@start-3.0"
280,"[-2, -2, -2, -2, -2]","[-2, -2, -2, -2, -2]",Missa Ave Maria: Kyrie,Bassus,83,3.5,84,3.5,677.0,685.0,"[1.0, 4.0, 1.0, 1.0, 1.0, 1.0]","83-84/4/@3.5-end,@start-3.5","https://ema.crimproject.org/https%3A%2F%2Fcrimproject.org%2Fmei%2FMEI_4.0/CRIM_Mass_0005_1.mei/83-84/4/@3.5-end,@start-3.5"
281,"[-2, 2, 2, -2, -2]","[-2, 2, 2, -2, -2]",Missa Ave Maria: Kyrie,Altus,92,3.0,93,4.5,748.0,759.0,"[3.0, 1.0, 2.0, 4.0, 1.0, 1.0]","92-93/2/@3.0-end,@start-4.5","https://ema.crimproject.org/https%3A%2F%2Fcrimproject.org%2Fmei%2FMEI_4.0/CRIM_Mass_0005_1.mei/92-93/2/@3.0-end,@start-4.5"
282,"[-2, 2, 2, -2, -2]","[-2, 2, 2, -2, -2]",Missa Ave Maria: Kyrie,Tenor,54,4.0,55,4.0,438.0,446.0,"[1.0, 1.0, 2.0, 3.0, 1.0, 1.0]","54-55/3/@4.0-end,@start-4.0","https://ema.crimproject.org/https%3A%2F%2Fcrimproject.org%2Fmei%2FMEI_4.0/CRIM_Mass_0005_1.mei/54-55/3/@4.0-end,@start-4.0"
283,"[-2, 2, 2, -2, -2]","[-2, 2, 2, -2, -2]",Missa Ave Maria: Kyrie,Tenor,92,3.0,93,4.5,748.0,759.0,"[3.0, 1.0, 2.0, 4.0, 1.0, 1.0]","92-93/3/@3.0-end,@start-4.5","https://ema.crimproject.org/https%3A%2F%2Fcrimproject.org%2Fmei%2FMEI_4.0/CRIM_Mass_0005_1.mei/92-93/3/@3.0-end,@start-4.5"
284,"[2, 2, -2, -2, -2]","[2, 2, -2, -2, -2]",Missa Ave Maria: Kyrie,Altus,92,4.5,94,1.0,751.0,760.0,"[1.0, 2.0, 4.0, 1.0, 1.0, 4.0]","92-94/2/@4.5-end,@start-end,@start-1.0","https://ema.crimproject.org/https%3A%2F%2Fcrimproject.org%2Fmei%2FMEI_4.0/CRIM_Mass_0005_1.mei/92-94/2/@4.5-end,@start-end,@start-1.0"
285,"[2, 2, -2, -2, -2]","[2, 2, -2, -2, -2]",Missa Ave Maria: Kyrie,Tenor,26,2.5,27,4.0,203.0,214.0,"[1.0, 2.0, 3.0, 1.0, 4.0, 2.0]","26-27/3/@2.5-end,@start-4.0","https://ema.crimproject.org/https%3A%2F%2Fcrimproject.org%2Fmei%2FMEI_4.0/CRIM_Mass_0005_1.mei/26-27/3/@2.5-end,@start-4.0"
286,"[2, 2, -2, -2, -2]","[2, 2, -2, -2, -2]",Missa Ave Maria: Kyrie,Tenor,30,1.0,32,2.5,232.0,251.0,"[4.0, 4.0, 6.0, 2.0, 3.0, 1.0]","30-32/3/@1.0-end,@start-end,@start-2.5","https://ema.crimproject.org/https%3A%2F%2Fcrimproject.org%2Fmei%2FMEI_4.0/CRIM_Mass_0005_1.mei/30-32/3/@1.0-end,@start-end,@start-2.5"
287,"[2, 2, -2, -2, -2]","[2, 2, -2, -2, -2]",Missa Ave Maria: Kyrie,Tenor,54,4.5,55,4.5,439.0,447.0,"[1.0, 2.0, 3.0, 1.0, 1.0, 1.0]","54-55/3/@4.5-end,@start-4.5","https://ema.crimproject.org/https%3A%2F%2Fcrimproject.org%2Fmei%2FMEI_4.0/CRIM_Mass_0005_1.mei/54-55/3/@4.5-end,@start-4.5"
288,"[2, 2, -2, -2, -2]","[2, 2, -2, -2, -2]",Missa Ave Maria: Kyrie,Tenor,92,4.5,94,1.0,751.0,760.0,"[1.0, 2.0, 4.0, 1.0, 1.0, 2.0]","92-94/3/@4.5-end,@start-end,@start-1.0","https://ema.crimproject.org/https%3A%2F%2Fcrimproject.org%2Fmei%2FMEI_4.0/CRIM_Mass_0005_1.mei/92-94/3/@4.5-end,@start-end,@start-1.0"
289,"[2, 2, -2, -2, -2]","[2, 2, -2, -2, -2]",Missa Ave Maria: Kyrie,Bassus,11,3.0,13,1.5,84.0,97.0,"[4.0, 4.0, 3.0, 1.0, 1.0, 1.0]","11-13/4/@3.0-end,@start-end,@start-1.5","https://ema.crimproject.org/https%3A%2F%2Fcrimproject.org%2Fmei%2FMEI_4.0/CRIM_Mass_0005_1.mei/11-13/4/@3.0-end,@start-end,@start-1.5"
290,"[2, 2, -2, -2, -2]","[2, 2, -2, -2, -2]",Missa Ave Maria: Kyrie,Bassus,24,4.5,26,1.0,191.0,200.0,"[1.0, 2.0, 4.0, 1.0, 1.0, 2.0]","24-26/4/@4.5-end,@start-end,@start-1.0","https://ema.crimproject.org/https%3A%2F%2Fcrimproject.org%2Fmei%2FMEI_4.0/CRIM_Mass_0005_1.mei/24-26/4/@4.5-end,@start-end,@start-1.0"
291,"[2, 2, -2, -2, -2]","[2, 2, -2, -2, -2]",Missa Ave Maria: Kyrie,Bassus,61,4.0,63,1.5,494.0,505.0,"[2.0, 4.0, 3.0, 1.0, 1.0, 1.0]","61-63/4/@4.0-end,@start-end,@start-1.5","https://ema.crimproject.org/https%3A%2F%2Fcrimproject.org%2Fmei%2FMEI_4.0/CRIM_Mass_0005_1.mei/61-63/4/@4.0-end,@start-end,@start-1.5"
292,"[-2, -2, -2, 2, 2]","[-2, -2, -2, 2, 2]",Missa Ave Maria: Kyrie,Tenor,25,2.0,26,2.0,194.0,202.0,"[4.0, 1.0, 1.0, 1.0, 1.0, 1.0]","25-26/3/@2.0-end,@start-2.0","https://ema.crimproject.org/https%3A%2F%2Fcrimproject.org%2Fmei%2FMEI_4.0/CRIM_Mass_0005_1.mei/25-26/3/@2.0-end,@start-2.0"
293,"[-2, -2, -2, 2, 2]","[-2, -2, -2, 2, 2]",Missa Ave Maria: Kyrie,Tenor,31,1.0,32,4.0,240.0,254.0,"[6.0, 2.0, 3.0, 1.0, 2.0, 2.0]","31-32/3/@1.0-end,@start-4.0","https://ema.crimproject.org/https%3A%2F%2Fcrimproject.org%2Fmei%2FMEI_4.0/CRIM_Mass_0005_1.mei/31-32/3/@1.0-end,@start-4.0"
294,"[-2, -2, -2, 2, 2]","[-2, -2, -2, 2, 2]",Missa Ave Maria: Kyrie,Bassus,85,2.0,86,2.0,690.0,698.0,"[4.0, 1.0, 1.0, 1.0, 1.0, 1.0]","85-86/4/@2.0-end,@start-2.0","https://ema.crimproject.org/https%3A%2F%2Fcrimproject.org%2Fmei%2FMEI_4.0/CRIM_Mass_0005_1.mei/85-86/4/@2.0-end,@start-2.0"
