,pattern_generating_match,pattern_matched,piece_title,part,start_measure,start_beat,start_offset,sub_group_id,predicted_type,offset_diffs,entry_number
213,"(-2, -2, -2, 2, -2, -2, -2)","[-2, -2, -2, 2, -2, -2, -2]",Veni speciosam,Superius,126,2.0,1010.0,6.0,Fuga,[4.0],1
214,"(-2, -2, -2, 2, -2, -2, -2)","[-2, -2, -2, 2, -2, -2, -2]",Veni speciosam,Superius,126,4.0,1014.0,6.0,Fuga,[4.0],2
132,"(-2, -2, -2, 2, 2, 2, 2)","[-2, -2, -2, 2, 2, 2, 2]",Veni speciosam,Contratenor,56,3.0,444.0,11.0,Fuga,[8.0],1
128,"(-2, -2, -2, 2, 2, 2, 2)","[-2, -2, -2, 2, 2, 2, 2]",Veni speciosam,Superius,57,3.0,452.0,11.0,Fuga,[8.0],2
129,"(-2, -2, -2, 2, 2, 2, 2)","[-2, -2, -3, 2, 2, 2, 2]",Veni speciosam,Superius,99,2.0,794.0,12.0,Fuga,[16.0],1
136,"(-2, -2, -2, 2, 2, 2, 2)","[-2, -2, -3, 2, 2, 2, 2]",Veni speciosam,SecundusTenor,101,2.0,810.0,12.0,Fuga,[16.0],2
137,"(-2, -2, -2, 2, 2, 2, 2)","[-2, -2, -3, 2, 2, 2, 2]",Veni speciosam,Bassus,109,2.75,875.5,13.0,Fuga,[12.5],1
134,"(-2, -2, -2, 2, 2, 2, 2)","[-2, -2, -3, 2, 2, 2, 2]",Veni speciosam,Contratenor,111,1.0,888.0,13.0,Fuga,[12.5],2
178,"(-2, -2, -3, 2, 2, 2, 2)","[-2, -2, -2, 2, 2, 2, 2]",Veni speciosam,Contratenor,56,3.0,444.0,15.0,Fuga,[8.0],1
174,"(-2, -2, -3, 2, 2, 2, 2)","[-2, -2, -2, 2, 2, 2, 2]",Veni speciosam,Superius,57,3.0,452.0,15.0,Fuga,[8.0],2
175,"(-2, -2, -3, 2, 2, 2, 2)","[-2, -2, -3, 2, 2, 2, 2]",Veni speciosam,Superius,99,2.0,794.0,16.0,Fuga,[16.0],1
182,"(-2, -2, -3, 2, 2, 2, 2)","[-2, -2, -3, 2, 2, 2, 2]",Veni speciosam,SecundusTenor,101,2.0,810.0,16.0,Fuga,[16.0],2
183,"(-2, -2, -3, 2, 2, 2, 2)","[-2, -2, -3, 2, 2, 2, 2]",Veni speciosam,Bassus,109,2.75,875.5,17.0,Fuga,[12.5],1
180,"(-2, -2, -3, 2, 2, 2, 2)","[-2, -2, -3, 2, 2, 2, 2]",Veni speciosam,Contratenor,111,1.0,888.0,17.0,Fuga,[12.5],2
356,"(-2, -2, 2, -3, 2, 2, 2)","[-2, -2, 2, -4, 2, 2, 2]",Veni speciosam,Bassus,32,3.0,252.0,19.0,Fuga,[22.0],1
355,"(-2, -2, 2, -3, 2, 2, 2)","[-2, -2, 2, -2, 2, 2, 2]",Veni speciosam,SecundusTenor,35,2.0,274.0,19.0,Fuga,[22.0],2
378,"(-2, -2, 2, 2, -3, 2, -2)","[-2, -2, 2, 2, -3, 2, -2]",Veni speciosam,SecundusTenor,84,4.0,678.0,21.0,Fuga,[1.0],1
376,"(-2, -2, 2, 2, -3, 2, -2)","[-2, -2, 2, 2, -3, 2, -2]",Veni speciosam,PrimusTenor,84,4.5,679.0,21.0,Fuga,[1.0],2
142,"(-2, -2, 2, 2, 2, 2, -2)","[-2, -2, 2, 2, 2, 2, -2]",Veni speciosam,Contratenor,57,1.0,448.0,23.0,Fuga,[8.0],1
138,"(-2, -2, 2, 2, 2, 2, -2)","[-2, -2, 2, 2, 2, 2, -2]",Veni speciosam,Superius,58,1.0,456.0,23.0,Fuga,[8.0],2
277,"(-2, -2, 2, 2, 2, 2, 2)","[-2, -3, 2, 2, 2, 2, 2]",Veni speciosam,Superius,99,4.0,798.0,26.0,Fuga,[16.0],1
281,"(-2, -2, 2, 2, 2, 2, 2)","[-2, -3, 2, 2, 2, 2, 2]",Veni speciosam,SecundusTenor,101,4.0,814.0,26.0,Fuga,[16.0],2
37,"(-2, -3, 2, 2, 2, -3, -2)","[-2, -3, 2, 2, 2, -3, -2]",Veni speciosam,Bassus,18,4.0,142.0,28.0,Fuga,"[16.0, 4.0]",1
34,"(-2, -3, 2, 2, 2, -3, -2)","[-2, -3, 2, 2, 2, -3, -2]",Veni speciosam,Contratenor,20,4.0,158.0,28.0,Fuga,"[16.0, 4.0]",2
33,"(-2, -3, 2, 2, 2, -3, -2)","[-2, -3, 2, 2, 2, -3, -2]",Veni speciosam,Superius,21,2.0,162.0,28.0,Fuga,"[16.0, 4.0]",3
35,"(-2, -3, 2, 2, 2, -3, -2)","[-2, -3, 2, 2, 2, -3, -2]",Veni speciosam,PrimusTenor,24,2.0,186.0,28.0,Fuga,"[16.0, 4.0]",4
38,"(-2, -3, 2, 2, 2, -3, -2)","[-2, -3, 2, 2, 2, -3, -2]",Veni speciosam,Bassus,24,4.0,190.0,28.0,Fuga,"[16.0, 4.0]",5
36,"(-2, -3, 2, 2, 2, -3, -2)","[-2, -3, 2, 2, 2, -3, -2]",Veni speciosam,SecundusTenor,25,4.0,198.0,28.0,Fuga,"[16.0, 4.0]",6
440,"(-2, -3, 2, 2, 2, 2, -2)","[-2, -2, 2, 2, 2, 2, -2]",Veni speciosam,Contratenor,57,1.0,448.0,29.0,Fuga,[8.0],1
437,"(-2, -3, 2, 2, 2, 2, -2)","[-2, -2, 2, 2, 2, 2, -2]",Veni speciosam,Superius,58,1.0,456.0,29.0,Fuga,[8.0],2
184,"(-2, -3, 2, 2, 2, 2, 2)","[-2, -3, 2, 2, 2, 2, 2]",Veni speciosam,Superius,99,4.0,798.0,32.0,Fuga,[16.0],1
188,"(-2, -3, 2, 2, 2, 2, 2)","[-2, -3, 2, 2, 2, 2, 2]",Veni speciosam,SecundusTenor,101,4.0,814.0,32.0,Fuga,[16.0],2
66,"(-2, 2, 2, -2, -2, -2, -3)","[-2, 2, 3, -2, -2, -2, -3]",Veni speciosam,Superius,1,3.0,4.0,35.0,Fuga,[12.0],1
69,"(-2, 2, 2, -2, -2, -2, -3)","[-2, 2, 3, -2, -2, -2, -3]",Veni speciosam,Contratenor,3,1.0,16.0,35.0,Fuga,[12.0],2
70,"(-2, 2, 2, -2, -2, -2, -3)","[-2, 2, 3, -2, -2, -2, -3]",Veni speciosam,PrimusTenor,5,3.0,36.0,35.0,Fuga,[12.0],3
253,"(-2, 2, 2, -2, -2, -2, 2)","[-2, 2, 3, -2, -2, -2, 2]",Veni speciosam,PrimusTenor,29,3.0,228.0,38.0,Fuga,"[12.0, 8.0]",1
257,"(-2, 2, 2, -2, -2, -2, 2)","[-2, 2, 3, -2, -2, -2, 2]",Veni speciosam,Bassus,31,1.0,240.0,38.0,Fuga,"[12.0, 8.0]",2
256,"(-2, 2, 2, -2, -2, -2, 2)","[-2, 2, 3, -2, -2, -2, 2]",Veni speciosam,SecundusTenor,32,1.0,248.0,38.0,Fuga,"[12.0, 8.0]",3
251,"(-2, 2, 2, -2, -2, -2, 2)","[-2, 2, 3, -2, -2, -2, 2]",Veni speciosam,Contratenor,35,1.0,272.0,38.0,Fuga,"[12.0, 8.0]",4
248,"(-2, 2, 2, -2, -2, -2, 2)","[-2, 2, 3, -2, -2, -2, 2]",Veni speciosam,Superius,35,4.0,278.0,38.0,Fuga,"[12.0, 8.0]",5
254,"(-2, 2, 2, -2, -2, -2, 2)","[-2, 2, 3, -2, -2, -2, 2]",Veni speciosam,PrimusTenor,37,4.0,294.0,38.0,Fuga,"[12.0, 8.0]",6
249,"(-2, 2, 2, -2, -2, -2, 2)","[-2, 2, 3, -2, -2, -2, 2]",Veni speciosam,Superius,125,2.0,1002.0,38.0,Fuga,"[12.0, 8.0]",7
226,"(-2, 2, 2, 2, -2, -2, -2)","[-3, 2, 2, 2, -2, -2, -2]",Veni speciosam,Contratenor,85,2.0,682.0,40.0,Fuga,"[16.0, 6.0]",1
231,"(-2, 2, 2, 2, -2, -2, -2)","[-3, 2, 2, 2, -2, -2, -2]",Veni speciosam,SecundusTenor,87,2.0,698.0,40.0,Fuga,"[16.0, 6.0]",2
223,"(-2, 2, 2, 2, -2, -2, -2)","[-3, 2, 2, 2, -2, -2, -2]",Veni speciosam,Superius,88,1.0,704.0,40.0,Fuga,"[16.0, 6.0]",3
232,"(-2, 2, 2, 2, -2, -2, -2)","[-3, 2, 2, 2, -2, -2, -2]",Veni speciosam,Bassus,90,4.0,726.0,40.0,Fuga,"[16.0, 6.0]",4
227,"(-2, 2, 2, 2, -2, -2, -2)","[-3, 2, 2, 2, -2, -2, -2]",Veni speciosam,Contratenor,91,3.0,732.0,40.0,Fuga,"[16.0, 6.0]",5
229,"(-2, 2, 2, 2, -2, -2, -2)","[-3, 2, 2, 2, -2, -2, -2]",Veni speciosam,PrimusTenor,92,2.0,738.0,40.0,Fuga,"[16.0, 6.0]",6
230,"(-2, 2, 2, 2, -2, -2, -2)","[-2, 2, 2, 2, -2, -2, -2]",Veni speciosam,PrimusTenor,94,1.0,752.0,40.0,Fuga,"[16.0, 6.0]",7
224,"(-2, 2, 2, 2, -2, -2, -2)","[-3, 2, 2, 2, -2, -2, -2]",Veni speciosam,Superius,94,3.0,756.0,40.0,Fuga,"[16.0, 6.0]",8
149,"(-2, 2, 2, 2, 2, -2, 2)","[-2, 2, 2, 2, 2, -2, 2]",Veni speciosam,Contratenor,15,1.0,112.0,42.0,Fuga,[12.0],1
394,"(-2, 2, 3, -2, -2, -2, -2)","[-2, 2, 3, -2, -2, -2, -3]",Veni speciosam,Superius,1,3.0,4.0,42.0,Fuga,[12.0],2
397,"(-2, 2, 3, -2, -2, -2, -2)","[-2, 2, 3, -2, -2, -2, -3]",Veni speciosam,Contratenor,3,1.0,16.0,42.0,Fuga,[12.0],3
395,"(-2, 2, 3, -2, -2, -2, -2)","[-3, 2, 3, -2, -2, -2, -2]",Veni speciosam,Superius,3,3.5,21.0,43.0,Fuga,"[12.0, 5.0]",1
398,"(-2, 2, 3, -2, -2, -2, -2)","[-2, 2, 3, -2, -2, -2, -3]",Veni speciosam,PrimusTenor,5,3.0,36.0,43.0,Fuga,"[12.0, 5.0]",2
399,"(-2, 2, 3, -2, -2, -2, -2)","[-2, 2, 3, -2, -2, -2, -2]",Veni speciosam,Bassus,7,1.0,48.0,43.0,Fuga,"[12.0, 5.0]",3
13,"(-2, 2, 3, -2, -2, -2, -3)","[-2, 2, 3, -2, -2, -2, -3]",Veni speciosam,Superius,1,3.0,4.0,43.0,Fuga,"[12.0, 5.0]",4
15,"(-2, 2, 3, -2, -2, -2, -3)","[-2, 2, 3, -2, -2, -2, -3]",Veni speciosam,Contratenor,3,1.0,16.0,43.0,Fuga,"[12.0, 5.0]",5
16,"(-2, 2, 3, -2, -2, -2, -3)","[-2, 2, 3, -2, -2, -2, -3]",Veni speciosam,PrimusTenor,5,3.0,36.0,43.0,Fuga,"[12.0, 5.0]",6
17,"(-2, 2, 3, -2, -2, -2, -3)","[-2, 2, 3, -2, -2, -2, -2]",Veni speciosam,Bassus,7,1.0,48.0,43.0,Fuga,"[12.0, 5.0]",7
29,"(-2, 2, 3, -2, -2, -2, 1)","[-2, 2, 3, -2, -2, -2, 2]",Veni speciosam,PrimusTenor,29,3.0,228.0,45.0,Fuga,"[12.0, 8.0]",1
32,"(-2, 2, 3, -2, -2, -2, 1)","[-2, 2, 3, -2, -2, -2, 2]",Veni speciosam,Bassus,31,1.0,240.0,45.0,Fuga,"[12.0, 8.0]",2
31,"(-2, 2, 3, -2, -2, -2, 1)","[-2, 2, 3, -2, -2, -2, 2]",Veni speciosam,SecundusTenor,32,1.0,248.0,45.0,Fuga,"[12.0, 8.0]",3
27,"(-2, 2, 3, -2, -2, -2, 1)","[-2, 2, 3, -2, -2, -2, 2]",Veni speciosam,Contratenor,35,1.0,272.0,45.0,Fuga,"[12.0, 8.0]",4
24,"(-2, 2, 3, -2, -2, -2, 1)","[-2, 2, 3, -2, -2, -2, 2]",Veni speciosam,Superius,35,4.0,278.0,45.0,Fuga,"[12.0, 8.0]",5
30,"(-2, 2, 3, -2, -2, -2, 1)","[-2, 2, 3, -2, -2, -2, 2]",Veni speciosam,PrimusTenor,37,4.0,294.0,45.0,Fuga,"[12.0, 8.0]",6
28,"(-2, 2, 3, -2, -2, -2, 1)","[-3, 2, 3, -2, -2, -2, 1]",Veni speciosam,Contratenor,44,1.0,344.0,46.0,Fuga,[12.0],1
25,"(-2, 2, 3, -2, -2, -2, 1)","[-3, 2, 3, -2, -2, -2, 1]",Veni speciosam,Superius,45,3.0,356.0,46.0,Fuga,[12.0],2
46,"(-3, 4, -2, 2, -2, -2, -2)","[-2, 4, -2, 2, -2, -2, -2]",Veni speciosam,Contratenor,106,3.0,852.0,53.0,Fuga,[24.0],1
48,"(-3, 4, -2, 2, -2, -2, -2)","[-2, 4, -2, 2, -2, -2, -2]",Veni speciosam,PrimusTenor,109,3.0,876.0,53.0,Fuga,[24.0],2
54,"(2, -2, -2, -2, -2, 2, 2)","[2, -2, -2, -2, -2, 2, 2]",Veni speciosam,SecundusTenor,93,4.0,750.0,55.0,Fuga,[14.0],1
50,"(2, -2, -2, -2, -2, 2, 2)","[2, -2, -2, -2, -2, 2, 2]",Veni speciosam,Superius,95,3.0,764.0,55.0,Fuga,[14.0],2
124,"(2, -2, -2, -2, 2, 2, 2)","[2, -2, -2, -2, 2, 2, 2]",Veni speciosam,Contratenor,56,2.0,442.0,56.0,Fuga,[8.0],1
123,"(2, -2, -2, -2, 2, 2, 2)","[2, -2, -2, -2, 2, 2, 2]",Veni speciosam,Superius,57,2.0,450.0,56.0,Fuga,[8.0],2
295,"(2, -3, 2, 2, -2, -2, -2)","[2, -3, 2, 3, -2, -2, -2]",Veni speciosam,SecundusTenor,38,2.0,298.0,61.0,Fuga,"[16.0, 8.0]",1
296,"(2, -3, 2, 2, -2, -2, -2)","[2, -3, 2, 3, -2, -2, -2]",Veni speciosam,Bassus,40,2.0,314.0,61.0,Fuga,"[16.0, 8.0]",2
288,"(2, -3, 2, 2, -2, -2, -2)","[2, -3, 2, 3, -2, -2, -2]",Veni speciosam,Superius,41,2.0,322.0,61.0,Fuga,"[16.0, 8.0]",3
297,"(2, -3, 2, 2, -2, -2, -2)","[2, -3, 2, 3, -2, -2, -2]",Veni speciosam,Bassus,43,2.0,338.0,61.0,Fuga,"[16.0, 8.0]",4
291,"(2, -3, 2, 2, -2, -2, -2)","[2, -3, 2, 3, -2, -2, -2]",Veni speciosam,Contratenor,43,4.0,342.0,61.0,Fuga,"[16.0, 8.0]",5
289,"(2, -3, 2, 2, -2, -2, -2)","[2, -3, 2, 3, -2, -2, -2]",Veni speciosam,Superius,45,2.0,354.0,61.0,Fuga,"[16.0, 8.0]",6
292,"(2, -3, 2, 2, -2, -2, -2)","[2, -3, 2, 2, -2, -2, -2]",Veni speciosam,Contratenor,66,4.5,527.0,62.0,Fuga,"[16.0, 8.0]",1
109,"(2, -3, 2, 3, -2, -2, -2)","[2, -3, 2, 3, -2, -2, -2]",Veni speciosam,SecundusTenor,38,2.0,298.0,62.0,Fuga,"[16.0, 8.0]",2
112,"(2, -3, 2, 3, -2, -2, -2)","[2, -3, 2, 3, -2, -2, -2]",Veni speciosam,Bassus,40,2.0,314.0,62.0,Fuga,"[16.0, 8.0]",3
104,"(2, -3, 2, 3, -2, -2, -2)","[2, -3, 2, 3, -2, -2, -2]",Veni speciosam,Superius,41,2.0,322.0,62.0,Fuga,"[16.0, 8.0]",4
108,"(2, -3, 2, 3, -2, -2, -2)","[2, -3, 2, 4, -2, -2, -2]",Veni speciosam,PrimusTenor,41,3.0,324.0,63.0,Fuga,"[16.0, 8.0]",1
110,"(2, -3, 2, 3, -2, -2, -2)","[2, -3, 2, 4, -2, -2, -2]",Veni speciosam,SecundusTenor,42,2.0,330.0,63.0,Fuga,"[16.0, 8.0]",2
113,"(2, -3, 2, 3, -2, -2, -2)","[2, -3, 2, 3, -2, -2, -2]",Veni speciosam,Bassus,43,2.0,338.0,63.0,Fuga,"[16.0, 8.0]",3
106,"(2, -3, 2, 3, -2, -2, -2)","[2, -3, 2, 3, -2, -2, -2]",Veni speciosam,Contratenor,43,4.0,342.0,63.0,Fuga,"[16.0, 8.0]",4
105,"(2, -3, 2, 3, -2, -2, -2)","[2, -3, 2, 3, -2, -2, -2]",Veni speciosam,Superius,45,2.0,354.0,63.0,Fuga,"[16.0, 8.0]",5
111,"(2, -3, 2, 3, -2, -2, -2)","[2, -3, 2, 4, -2, -2, -2]",Veni speciosam,SecundusTenor,46,2.0,362.0,63.0,Fuga,"[16.0, 8.0]",6
362,"(2, -3, 2, 4, -2, -2, -2)","[2, -3, 2, 3, -2, -2, -2]",Veni speciosam,SecundusTenor,38,2.0,298.0,63.0,Fuga,"[16.0, 8.0]",7
365,"(2, -3, 2, 4, -2, -2, -2)","[2, -3, 2, 3, -2, -2, -2]",Veni speciosam,Bassus,40,2.0,314.0,63.0,Fuga,"[16.0, 8.0]",8
358,"(2, -3, 2, 4, -2, -2, -2)","[2, -3, 2, 3, -2, -2, -2]",Veni speciosam,Superius,41,2.0,322.0,63.0,Fuga,"[16.0, 8.0]",9
361,"(2, -3, 2, 4, -2, -2, -2)","[2, -3, 2, 4, -2, -2, -2]",Veni speciosam,PrimusTenor,41,3.0,324.0,63.0,Fuga,"[16.0, 8.0]",10
363,"(2, -3, 2, 4, -2, -2, -2)","[2, -3, 2, 4, -2, -2, -2]",Veni speciosam,SecundusTenor,42,2.0,330.0,63.0,Fuga,"[16.0, 8.0]",11
366,"(2, -3, 2, 4, -2, -2, -2)","[2, -3, 2, 3, -2, -2, -2]",Veni speciosam,Bassus,43,2.0,338.0,63.0,Fuga,"[16.0, 8.0]",12
360,"(2, -3, 2, 4, -2, -2, -2)","[2, -3, 2, 3, -2, -2, -2]",Veni speciosam,Contratenor,43,4.0,342.0,63.0,Fuga,"[16.0, 8.0]",13
359,"(2, -3, 2, 4, -2, -2, -2)","[2, -3, 2, 3, -2, -2, -2]",Veni speciosam,Superius,45,2.0,354.0,63.0,Fuga,"[16.0, 8.0]",14
364,"(2, -3, 2, 4, -2, -2, -2)","[2, -3, 2, 4, -2, -2, -2]",Veni speciosam,SecundusTenor,46,2.0,362.0,63.0,Fuga,"[16.0, 8.0]",15
383,"(2, 2, -2, -2, -2, -2, 1)","[2, 2, -2, -2, -2, -2, 2]",Veni speciosam,SecundusTenor,93,3.0,748.0,64.0,Fuga,[14.0],1
379,"(2, 2, -2, -2, -2, -2, 1)","[2, 2, -2, -2, -2, -2, 2]",Veni speciosam,Superius,95,2.0,762.0,64.0,Fuga,[14.0],2
172,"(2, 2, -2, -2, -2, -2, 2)","[2, 2, -2, -2, -2, -2, 2]",Veni speciosam,SecundusTenor,93,3.0,748.0,67.0,Fuga,[14.0],1
168,"(2, 2, -2, -2, -2, -2, 2)","[2, 2, -2, -2, -2, -2, 2]",Veni speciosam,Superius,95,2.0,762.0,67.0,Fuga,[14.0],2
164,"(2, 2, 2, -2, -2, -2, -2)","[2, 2, 2, -2, -2, -2, -2]",Veni speciosam,Contratenor,85,3.0,684.0,73.0,Fuga,[24.0],1
162,"(2, 2, 2, -2, -2, -2, -2)","[2, 2, 2, -2, -2, -2, -2]",Veni speciosam,Superius,88,3.0,708.0,73.0,Fuga,[24.0],2
167,"(2, 2, 2, -2, -2, -2, -2)","[2, 2, 2, -2, -2, -2, -2]",Veni speciosam,SecundusTenor,93,1.0,744.0,74.0,Fuga,"[10.0, 6.0]",1
165,"(2, 2, 2, -2, -2, -2, -2)","[2, 2, 2, -2, -2, -2, -2]",Veni speciosam,PrimusTenor,94,2.0,754.0,74.0,Fuga,"[10.0, 6.0]",2
163,"(2, 2, 2, -2, -2, -2, -2)","[2, 2, 2, -2, -2, -2, -2]",Veni speciosam,Superius,95,1.0,760.0,74.0,Fuga,"[10.0, 6.0]",3
237,"(2, 2, 2, -2, -2, -2, 2)","[2, 2, 2, -2, -2, -2, 2]",Veni speciosam,Contratenor,92,2.0,738.0,76.0,Fuga,[2.0],1
240,"(2, 2, 2, -2, -2, -2, 2)","[2, 2, 2, -2, -2, -2, 2]",Veni speciosam,PrimusTenor,92,3.0,740.0,76.0,Fuga,[2.0],2
203,"(2, 2, 2, -2, -2, -2, 3)","[2, 2, 2, -2, -2, -2, 2]",Veni speciosam,Contratenor,92,2.0,738.0,78.0,Fuga,[2.0],1
206,"(2, 2, 2, -2, -2, -2, 3)","[2, 2, 2, -2, -2, -2, 2]",Veni speciosam,PrimusTenor,92,3.0,740.0,78.0,Fuga,[2.0],2
317,"(2, 2, 2, -2, -2, 2, 2)","[2, 2, 2, -3, -2, 2, 2]",Veni speciosam,Contratenor,21,3.0,164.0,81.0,Fuga,[4.0],1
316,"(2, 2, 2, -2, -2, 2, 2)","[2, 2, 2, -3, -2, 2, 2]",Veni speciosam,Superius,22,1.0,168.0,81.0,Fuga,[4.0],2
320,"(2, 2, 2, -2, -2, 2, 2)","[2, 2, 2, -3, -2, 2, 2]",Veni speciosam,PrimusTenor,25,1.0,192.0,81.0,Fuga,[4.0],3
40,"(2, 2, 2, -3, -2, 2, 2)","[2, 2, 2, -3, -2, 2, 2]",Veni speciosam,Contratenor,21,3.0,164.0,84.0,Fuga,[4.0],1
39,"(2, 2, 2, -3, -2, 2, 2)","[2, 2, 2, -3, -2, 2, 2]",Veni speciosam,Superius,22,1.0,168.0,84.0,Fuga,[4.0],2
42,"(2, 2, 2, -3, -2, 2, 2)","[2, 2, 2, -3, -2, 2, 2]",Veni speciosam,PrimusTenor,25,1.0,192.0,84.0,Fuga,[4.0],3
400,"(2, 3, -2, -2, -2, -2, 2)","[2, 3, -2, -2, -2, -3, 2]",Veni speciosam,Superius,2,2.0,10.0,91.0,Fuga,[12.0],1
404,"(2, 3, -2, -2, -2, -2, 2)","[2, 3, -2, -2, -2, -3, 2]",Veni speciosam,Contratenor,3,4.0,22.0,91.0,Fuga,[12.0],2
407,"(2, 3, -2, -2, -2, -2, 2)","[2, 3, -2, -2, -2, -3, 2]",Veni speciosam,PrimusTenor,6,2.0,42.0,91.0,Fuga,[12.0],3
410,"(2, 3, -2, -2, -2, -2, 2)","[2, 3, -2, -2, -2, -2, 2]",Veni speciosam,Bassus,7,4.0,54.0,91.0,Fuga,[12.0],4
409,"(2, 3, -2, -2, -2, -2, 2)","[2, 2, -2, -2, -2, -2, 2]",Veni speciosam,SecundusTenor,93,3.0,748.0,92.0,Fuga,[14.0],1
402,"(2, 3, -2, -2, -2, -2, 2)","[2, 2, -2, -2, -2, -2, 2]",Veni speciosam,Superius,95,2.0,762.0,92.0,Fuga,[14.0],2
340,"(2, 3, -2, -2, -2, 2, -3)","[2, 3, -2, -2, -2, 2, -4]",Veni speciosam,Bassus,31,4.0,246.0,95.0,Fuga,"[12.0, 0.0, 8.0, 0.0]",1
339,"(2, 3, -2, -2, -2, 2, -3)","[2, 3, -2, -2, -2, 2, -4]",Veni speciosam,SecundusTenor,32,4.0,254.0,95.0,Fuga,"[12.0, 0.0, 8.0, 0.0]",2
336,"(2, 3, -2, -2, -2, 2, -3)","[2, 3, -2, -2, -2, 2, -4]",Veni speciosam,Contratenor,35,4.0,278.0,95.0,Fuga,"[12.0, 0.0, 8.0, 0.0]",3
334,"(2, 3, -2, -2, -2, 2, -3)","[2, 3, -2, -2, -2, 2, -4]",Veni speciosam,Superius,36,2.0,282.0,95.0,Fuga,"[12.0, 0.0, 8.0, 0.0]",4
338,"(2, 3, -2, -2, -2, 2, -3)","[2, 3, -2, -2, -2, 2, -4]",Veni speciosam,PrimusTenor,38,2.0,298.0,95.0,Fuga,"[12.0, 0.0, 8.0, 0.0]",5
95,"(2, 3, -2, -2, -2, 2, -4)","[2, 3, -2, -2, -2, 2, -3]",Veni speciosam,PrimusTenor,30,2.0,234.0,95.0,Fuga,"[12.0, 0.0, 8.0, 0.0]",6
98,"(2, 3, -2, -2, -2, 2, -4)","[2, 3, -2, -2, -2, 2, -4]",Veni speciosam,Bassus,31,4.0,246.0,95.0,Fuga,"[12.0, 0.0, 8.0, 0.0]",7
97,"(2, 3, -2, -2, -2, 2, -4)","[2, 3, -2, -2, -2, 2, -4]",Veni speciosam,SecundusTenor,32,4.0,254.0,95.0,Fuga,"[12.0, 0.0, 8.0, 0.0]",8
94,"(2, 3, -2, -2, -2, 2, -4)","[2, 3, -2, -2, -2, 2, -4]",Veni speciosam,Contratenor,35,4.0,278.0,95.0,Fuga,"[12.0, 0.0, 8.0, 0.0]",9
93,"(2, 3, -2, -2, -2, 2, -4)","[2, 3, -2, -2, -2, 2, -4]",Veni speciosam,Superius,36,2.0,282.0,95.0,Fuga,"[12.0, 0.0, 8.0, 0.0]",10
96,"(2, 3, -2, -2, -2, 2, -4)","[2, 3, -2, -2, -2, 2, -4]",Veni speciosam,PrimusTenor,38,2.0,298.0,95.0,Fuga,"[12.0, 0.0, 8.0, 0.0]",11
304,"(3, -2, -2, -2, -2, 2, 2)","[2, -2, -2, -2, -2, 2, 2]",Veni speciosam,SecundusTenor,93,4.0,750.0,97.0,Fuga,[14.0],1
299,"(3, -2, -2, -2, -2, 2, 2)","[2, -2, -2, -2, -2, 2, 2]",Veni speciosam,Superius,95,3.0,764.0,97.0,Fuga,[14.0],2
217,"(3, -2, -2, -2, -3, 2, 2)","[3, -2, -2, -2, -3, 2, 3]",Veni speciosam,Superius,2,3.0,12.0,98.0,Fuga,[12.0],1
218,"(3, -2, -2, -2, -3, 2, 2)","[3, -2, -2, -2, -3, 2, 2]",Veni speciosam,Contratenor,4,1.0,24.0,98.0,Fuga,[12.0],2
221,"(3, -2, -2, -2, -3, 2, 2)","[3, -2, -2, -2, -3, 2, 3]",Veni speciosam,PrimusTenor,6,3.0,44.0,98.0,Fuga,[12.0],3
222,"(3, -2, -2, -2, -3, 2, 2)","[3, -2, -2, -2, -2, 2, 2]",Veni speciosam,Bassus,8,1.0,56.0,98.0,Fuga,[12.0],4
343,"(3, -2, -2, -2, 2, -3, 2)","[3, -2, -2, -2, 2, -2, 2]",Veni speciosam,Superius,82,4.0,662.0,104.0,Fuga,[12.0],1
101,"(3, -2, -2, -2, 2, -4, 2)","[3, -2, -2, -2, 2, -3, 2]",Veni speciosam,PrimusTenor,30,3.0,236.0,104.0,Fuga,[12.0],2
102,"(3, -2, -2, -2, 2, -4, 2)","[3, -2, -2, -2, 2, -4, 2]",Veni speciosam,Bassus,32,1.0,248.0,104.0,Fuga,[12.0],3
99,"(3, -2, -2, -2, 2, -4, 2)","[3, -2, -2, -2, 2, -4, 2]",Veni speciosam,Superius,36,3.0,284.0,104.0,Fuga,[12.0],4
75,"(4, -2, 2, 3, -2, -2, -2)","[4, -2, 2, 3, -2, -2, -2]",Veni speciosam,Contratenor,2,3.0,12.0,106.0,Fuga,[20.0],1
77,"(4, -2, 2, 3, -2, -2, -2)","[5, -2, 2, 3, -2, -2, -2]",Veni speciosam,PrimusTenor,5,1.0,32.0,106.0,Fuga,[20.0],2
82,"(4, -2, 2, 3, -2, -2, -2)","[4, -2, 2, 3, -2, -2, -2]",Veni speciosam,Bassus,6,3.0,44.0,106.0,Fuga,[20.0],3
78,"(4, -2, 2, 3, -2, -2, -2)","[5, -2, 2, 3, -2, -2, -2]",Veni speciosam,PrimusTenor,29,2.0,226.0,107.0,Fuga,"[10.0, 8.0]",1
83,"(4, -2, 2, 3, -2, -2, -2)","[4, -2, 2, 3, -2, -2, -2]",Veni speciosam,Bassus,30,3.0,236.0,107.0,Fuga,"[10.0, 8.0]",2
80,"(4, -2, 2, 3, -2, -2, -2)","[4, -2, 2, 3, -2, -2, -2]",Veni speciosam,SecundusTenor,31,3.0,244.0,107.0,Fuga,"[10.0, 8.0]",3
76,"(4, -2, 2, 3, -2, -2, -2)","[5, -2, 2, 3, -2, -2, -2]",Veni speciosam,Contratenor,34,4.0,270.0,108.0,Fuga,"[4.0, 16.0]",1
73,"(4, -2, 2, 3, -2, -2, -2)","[4, -2, 2, 3, -2, -2, -2]",Veni speciosam,Superius,35,2.0,274.0,108.0,Fuga,"[4.0, 16.0]",2
79,"(4, -2, 2, 3, -2, -2, -2)","[4, -2, 2, 3, -2, -2, -2]",Veni speciosam,PrimusTenor,37,2.0,290.0,108.0,Fuga,"[4.0, 16.0]",3
116,"(4, 1, -2, 2, -2, -2, -2)","[4, 1, -2, 2, -2, -2, -2]",Veni speciosam,PrimusTenor,54,4.0,430.0,110.0,Fuga,"[4.0, 8.0]",1
115,"(4, 1, -2, 2, -2, -2, -2)","[4, 1, -2, 2, -2, -2, -2]",Veni speciosam,Contratenor,55,2.0,434.0,110.0,Fuga,"[4.0, 8.0]",2
114,"(4, 1, -2, 2, -2, -2, -2)","[4, 1, -2, 2, -2, -2, -2]",Veni speciosam,Superius,56,2.0,442.0,110.0,Fuga,"[4.0, 8.0]",3
120,"(4, 1, -2, 2, -2, -2, -2)","[5, 1, -2, 2, -2, -2, -2]",Veni speciosam,Bassus,58,2.0,458.0,111.0,Fuga,[4.0],1
117,"(4, 1, -2, 2, -2, -2, -2)","[4, 1, -2, 2, -2, -2, -2]",Veni speciosam,PrimusTenor,58,4.0,462.0,111.0,Fuga,[4.0],2
121,"(4, 1, -2, 2, -2, -2, -2)","[4, 1, -2, 2, -2, -2, -2]",Veni speciosam,Bassus,62,2.0,490.0,112.0,Fuga,[12.0],1
118,"(4, 1, -2, 2, -2, -2, -2)","[4, 1, -2, 2, -2, -2, -2]",Veni speciosam,PrimusTenor,62,3.0,492.0,112.0,Fuga,[12.0],2
122,"(4, 1, -2, 2, -2, -2, -2)","[5, 1, -2, 2, -2, -2, -2]",Veni speciosam,Bassus,65,2.0,514.0,112.0,Fuga,[12.0],3
119,"(4, 1, -2, 2, -2, -2, -2)","[4, 1, -2, 2, -2, -2, -2]",Veni speciosam,PrimusTenor,65,4.0,518.0,112.0,Fuga,[12.0],4
0,"(5, -2, 2, 3, -2, -2, -2)","[5, -2, 2, 3, -2, -2, -2]",Veni speciosam,Superius,1,1.0,0.0,112.0,Fuga,[12.0],5
4,"(5, -2, 2, 3, -2, -2, -2)","[4, -2, 2, 3, -2, -2, -2]",Veni speciosam,Contratenor,2,3.0,12.0,112.0,Fuga,[12.0],6
6,"(5, -2, 2, 3, -2, -2, -2)","[5, -2, 2, 3, -2, -2, -2]",Veni speciosam,PrimusTenor,5,1.0,32.0,112.0,Fuga,[12.0],7
11,"(5, -2, 2, 3, -2, -2, -2)","[4, -2, 2, 3, -2, -2, -2]",Veni speciosam,Bassus,6,3.0,44.0,112.0,Fuga,[12.0],8
7,"(5, -2, 2, 3, -2, -2, -2)","[5, -2, 2, 3, -2, -2, -2]",Veni speciosam,PrimusTenor,29,2.0,226.0,113.0,Fuga,"[10.0, 8.0]",1
12,"(5, -2, 2, 3, -2, -2, -2)","[4, -2, 2, 3, -2, -2, -2]",Veni speciosam,Bassus,30,3.0,236.0,113.0,Fuga,"[10.0, 8.0]",2
9,"(5, -2, 2, 3, -2, -2, -2)","[4, -2, 2, 3, -2, -2, -2]",Veni speciosam,SecundusTenor,31,3.0,244.0,113.0,Fuga,"[10.0, 8.0]",3
2,"(5, -2, 2, 3, -2, -2, -2)","[4, -2, 2, 3, -2, -2, -2]",Veni speciosam,Superius,35,2.0,274.0,113.0,Fuga,"[10.0, 8.0]",4
8,"(5, -2, 2, 3, -2, -2, -2)","[4, -2, 2, 3, -2, -2, -2]",Veni speciosam,PrimusTenor,37,2.0,290.0,113.0,Fuga,"[10.0, 8.0]",5
429,"(5, 1, -2, 2, -2, -2, -2)","[4, 1, -2, 2, -2, -2, -2]",Veni speciosam,PrimusTenor,54,4.0,430.0,113.0,Fuga,"[10.0, 8.0]",6
428,"(5, 1, -2, 2, -2, -2, -2)","[4, 1, -2, 2, -2, -2, -2]",Veni speciosam,Contratenor,55,2.0,434.0,113.0,Fuga,"[10.0, 8.0]",7
427,"(5, 1, -2, 2, -2, -2, -2)","[4, 1, -2, 2, -2, -2, -2]",Veni speciosam,Superius,56,2.0,442.0,113.0,Fuga,"[10.0, 8.0]",8
434,"(5, 1, -2, 2, -2, -2, -2)","[5, 1, -2, 2, -2, -2, -2]",Veni speciosam,Bassus,58,2.0,458.0,113.0,Fuga,"[10.0, 8.0]",9
430,"(5, 1, -2, 2, -2, -2, -2)","[4, 1, -2, 2, -2, -2, -2]",Veni speciosam,PrimusTenor,58,4.0,462.0,113.0,Fuga,"[10.0, 8.0]",10
435,"(5, 1, -2, 2, -2, -2, -2)","[4, 1, -2, 2, -2, -2, -2]",Veni speciosam,Bassus,62,2.0,490.0,114.0,Fuga,[2.0],1
431,"(5, 1, -2, 2, -2, -2, -2)","[4, 1, -2, 2, -2, -2, -2]",Veni speciosam,PrimusTenor,62,3.0,492.0,114.0,Fuga,[2.0],2
433,"(5, 1, -2, 2, -2, -2, -2)","[5, 1, -3, 2, -2, -2, -2]",Veni speciosam,SecundusTenor,64,2.0,506.0,115.0,Fuga,"[8.0, 4.0]",1
436,"(5, 1, -2, 2, -2, -2, -2)","[5, 1, -2, 2, -2, -2, -2]",Veni speciosam,Bassus,65,2.0,514.0,115.0,Fuga,"[8.0, 4.0]",2
432,"(5, 1, -2, 2, -2, -2, -2)","[4, 1, -2, 2, -2, -2, -2]",Veni speciosam,PrimusTenor,65,4.0,518.0,115.0,Fuga,"[8.0, 4.0]",3
